"Original ID","Unchanged status","Source chapter/category","Unchanged source requirement","Candidate contract","Source paragraph"
"UDC-B4-S10-001","ACTIVE","S10 / PREAMBLE / Chat / Messaging","SOURCE BOUNDARY / THIS CONVERSATION ONLY. No web research. No outside project-chat reconstruction. The previously supplied Section 10 extraction and THE TRICK visual-reference document are treated as source material because they were imported into this conversation. Broader Extras are excluded unless they directly affect Chat.: SOURCE BOUNDARY / THIS CONVERSATION ONLY. No web research. No outside project-chat reconstruction. The previously supplied Section 10 extraction and THE TRICK visual-reference document are treated as source material because they were imported into this conversation. Broader Extras are excluded unless they directly affect Chat.","UDC-S10-CTR-004","3156"
"UDC-B4-S10-002","ACTIVE","S10 / A. Extraction Legend / Functional / Content","STATUS: CURRENT / LATEST; MEANING: Newest owner-supported rule in this conversation. Implementable unless a later reconciliation changes it.","UDC-S10-CTR-002","3161"
"UDC-B4-S10-003","ACTIVE","S10 / A. Extraction Legend / Functional / Content","STATUS: OWNER-APPROVED BY SILENCE; MEANING: Assistant proposal left unchallenged after the owner explicitly stated that anything not responded to should be treated as perfect/approved.","UDC-S10-CTR-003","3166"
"UDC-B4-S10-004","ACTIVE","S10 / A. Extraction Legend / AI / Future","STATUS: OLDER / SUPERSEDED; MEANING: Historical rule retained for chronology but not current implementation.","UDC-S10-CTR-048","3171"
"UDC-B4-S10-005","ACTIVE","S10 / A. Extraction Legend / Functional / Content","STATUS: REJECTED / DO NOT RESTORE; MEANING: Explicitly removed or overtaken; should not reappear in current Section 10.","UDC-S10-CTR-010","3176"
"UDC-B4-S10-006","ACTIVE","S10 / A. Extraction Legend / Functional / Content","STATUS: UNRESOLVED IN SOURCE; MEANING: The source does not establish a complete final rule. Kept for later implementation or owner review.","UDC-S10-CTR-017","3181"
"UDC-B4-S10-007","ACTIVE","S10 / A. Extraction Legend / Security / Privacy","STATUS: IMPLEMENTATION DETAIL; MEANING: Technical choice intentionally deferred to later backend/security/notification sections; not an owner blocker here.","UDC-S10-CTR-006","3186"
"UDC-B4-S10-008","ACTIVE","S10 / 1. Executive Summary / Security / Privacy","Section 10 is a full-page, website-native private messaging system between the customer and UNIVERSAL DICTA COUTURE through a customer-facing Dicta Couturier. The latest architecture does not create two separate messaging products called “General Chat” and “Order Chat.” A chat is a chat. The practical distinction is whether the conversation currently carries no Main Order, only a reference/context, or one active Main Order and its transaction objects.","UDC-S10-CTR-009","3191"
"UDC-B4-S10-009","ACTIVE","S10 / 1. Executive Summary / Payment / Transaction","Customers may have a normal/free conversation with a Couturier without an Order Card. Duplicate empty/free threads with the same Couturier should be prevented; the accepted reconciliation interprets the owner’s “free chat only once” rule as one reusable free thread per customer-Couturier relationship.","UDC-S10-CTR-004","3196"
"UDC-B4-S10-010","ACTIVE","S10 / 1. Executive Summary / Payment / Transaction","An explicit Shop/Product or Custom Style ordering action creates a new Main Order and a new chat for that Main Order.","UDC-S10-CTR-011","3201"
"UDC-B4-S10-011","ACTIVE","S10 / 1. Executive Summary / Security / Privacy","Review & Feeds can open a chat carrying a public-safe, inactive order/style/product reference. It is not the original reviewer’s private Main Order. An authorized Admin/Couturier may later create/activate the current customer’s Order from that reference.","UDC-S10-CTR-009","3206"
"UDC-B4-S10-012","ACTIVE","S10 / 1. Executive Summary / Payment / Transaction","Only an authorized Admin/Couturier may manually create/import a structured Main Order into an already-existing normal/reference chat. The Order belongs to the customer and still follows the normal approval workflow.","UDC-S10-CTR-014","3211"
"UDC-B4-S10-013","ACTIVE","S10 / 1. Executive Summary / Payment / Transaction","One Main Order uses one dedicated transaction chat. Before payment lock, that Main Order may contain multiple Order Entries. A completely unrelated new purchase creates a new Main Order and new chat.","UDC-S10-CTR-015","3216"
"UDC-B4-S10-014","ACTIVE","S10 / 1. Executive Summary / Payment / Transaction","After payment lock, new payable work that belongs to the same transaction uses Extension architecture inside the same chat. Directly starting a new unrelated Shop purchase outside Extension mode creates a new Main Order/chat.","UDC-S10-CTR-056","3221"
"UDC-B4-S10-015","ACTIVE","S10 / 1. Executive Summary / Payment / Transaction","The current Section 8 Order Card, Edition, approval, payment, Amendment, Extension and completion rules are authoritative when older Section 10 visuals conflict.","UDC-S10-CTR-047","3226"
"UDC-B4-S10-016","ACTIVE","S10 / 1. Executive Summary / Payment / Transaction","My Closet remains the customer’s transparent access/history layer. Chat remains the live working transaction surface. Editions and Payment Records can deep-link back to their exact “See in Chat” events.","UDC-S10-CTR-020","3231"
"UDC-B4-S10-017","ACTIVE","S10 / 1. Executive Summary / Chat / Messaging","Only one Couturier is assigned to an Order at a time. Reassignment preserves the same chat/order/history. Least-active workload can be marked “Most Recommended” when more than one active Couturier is available.","UDC-S10-CTR-018","3236"
"UDC-B4-S10-018","ACTIVE","S10 / 1. Executive Summary / Security / Privacy","Normal messages and transaction/system events are different record classes: normal messages may be edited/deleted within their allowed window; Order Cards, Editions, approvals, Payment Records and other transaction evidence are immutable/audited.","UDC-S10-CTR-031","3241"
"UDC-B4-S10-019","ACTIVE","S10 / 1. Executive Summary / Functional / Content","CURRENT: CURRENT; The owner has already resolved the major Section 10 business decisions in this conversation. This document preserves the source state before final reconciliation and lock.: The owner has already resolved the major Section 10 business decisions in this conversation. This document preserves the source state before final reconciliation and lock.","UDC-S10-CTR-001","3246"
"UDC-B4-S10-020","ACTIVE","S10 / 2. Source Scope / Chat / Messaging","This extraction uses only material present in this conversation. It includes direct owner messages, assistant proposals later accepted under the owner’s “no response means approved” rule, the imported historical Section 10 extraction, the THE TRICK visual-reference package, the current Section 8/9 references discussed inside this conversation, and the later owner refinements made after the first Section 10 reconciliation.","UDC-S10-CTR-004","3251"
"UDC-B4-S10-021","ACTIVE","S10 / 2. Source Scope / Security / Privacy","Included: owner corrections on free chat, Admin-imported Orders, Review & Feeds reference behaviour, new-order versus Extension routing, My Closet Editions/Payments, Current Pin, Couturier transfer/load balancing, and Admin-as-Couturier permissions.","UDC-S10-CTR-006","3256"
"UDC-B4-S10-022","ACTIVE","S10 / 2. Source Scope / Chat / Messaging","Included: older Chat With Administration / Stylist concepts only to show chronology and supersession.","UDC-S10-CTR-040","3261"
"UDC-B4-S10-023","ACTIVE","S10 / 2. Source Scope / Navigation","Included: mobile and desktop visual-reference boards from THE TRICK as visual evidence, not as automatic business-logic authority.","UDC-S10-CTR-031","3266"
"UDC-B4-S10-024","ACTIVE","S10 / 2. Source Scope / Security / Privacy","Excluded: unrelated MASTER EXTRAS content such as broad AI Admin research, hosting/provider research, general website editing, and future automation unless directly necessary to explain Chat permissions.","UDC-S10-CTR-002","3271"
"UDC-B4-S10-025","ACTIVE","S10 / 2. Source Scope / Functional / Content","No web research was used for this extraction.","UDC-S10-CTR-009","3276"
"UDC-B4-S10-026","ACTIVE","S10 / 3. Section 10 Purpose / Security / Privacy","Section 10 provides a premium, calm and private customer-Couturier conversation environment that can support ordinary assistance, contextual questions and full order transactions without turning the interface into a complex helpdesk dashboard.","UDC-S10-CTR-001","3281"
"UDC-B4-S10-027","ACTIVE","S10 / 3. Section 10 Purpose / Functional / Content","Allow a customer to speak naturally with a Couturier, including a simple “Hi” or guidance request.","UDC-S10-CTR-002","3286"
"UDC-B4-S10-028","ACTIVE","S10 / 3. Section 10 Purpose / Chat / Messaging","Carry safe Product, Review & Feeds or Custom Style context when the customer enters Chat from another page.","UDC-S10-CTR-001","3291"
"UDC-B4-S10-029","ACTIVE","S10 / 3. Section 10 Purpose / Payment / Transaction","Host the authoritative customer-facing interaction surface for a Main Order once an Order is created or imported.","UDC-S10-CTR-002","3296"
"UDC-B4-S10-030","ACTIVE","S10 / 3. Section 10 Purpose / Payment / Transaction","Present the Order Card, Edition history, approvals, payment records, Amendments, Extensions, completion events and related conversation in one continuous transaction history.","UDC-S10-CTR-002","3301"
"UDC-B4-S10-031","ACTIVE","S10 / 3. Section 10 Purpose / Payment / Transaction","Preserve transparency: customers can revisit historical Editions/Payments in My Closet and use “See in Chat” to jump to the corresponding event.","UDC-S10-CTR-001","3306"
"UDC-B4-S10-032","ACTIVE","S10 / 3. Section 10 Purpose / Security / Privacy","Keep staff personal details private and keep the business interaction inside the website.","UDC-S10-CTR-001","3311"
"UDC-B4-S10-033","ACTIVE","S10 / 3. Section 10 Purpose / AI / Future","Remain scalable from one active Couturier at launch to multiple active Couturiers later.","UDC-S10-CTR-002","3316"
"UDC-B4-S10-034","ACTIVE","S10 / 4. Terminology Evolution / Chat / Messaging","EARLIER / HISTORICAL: Chat with Administration / Universal Dicta Couture Admin; LATEST / CURRENT: Chat / Chats / Chat with Dicta Couturier; STATUS / NOTE: Customer-facing support identity moved away from Admin wording.","UDC-S10-CTR-016","3321"
"UDC-B4-S10-035","ACTIVE","S10 / 4. Terminology Evolution / Navigation","EARLIER / HISTORICAL: Stylist / Dicta Stylist; LATEST / CURRENT: Couturier / Dicta Couturier; STATUS / NOTE: Final customer-facing role term.","UDC-S10-CTR-016","3326"
"UDC-B4-S10-036","ACTIVE","S10 / 4. Terminology Evolution / Payment / Transaction","EARLIER / HISTORICAL: Order Profile / Order Cart; LATEST / CURRENT: Order Card; STATUS / NOTE: Owner repeatedly corrected “Cart” to “Card”.","UDC-S10-CTR-016","3331"
"UDC-B4-S10-037","ACTIVE","S10 / 4. Terminology Evolution / Payment / Transaction","EARLIER / HISTORICAL: Revision; LATEST / CURRENT: Edition; STATUS / NOTE: Final term for versioned Order states.","UDC-S10-CTR-016","3336"
"UDC-B4-S10-038","ACTIVE","S10 / 4. Terminology Evolution / Navigation","EARLIER / HISTORICAL: Saved Pieces; LATEST / CURRENT: My Closet; STATUS / NOTE: Saved Pieces is not standalone navigation.","UDC-S10-CTR-016","3341"
"UDC-B4-S10-039","ACTIVE","S10 / 4. Terminology Evolution / Chat / Messaging","EARLIER / HISTORICAL: General Chat vs Order Chat as separate systems; LATEST / CURRENT: One Chat system; Order may or may not be attached; STATUS / NOTE: Latest owner clarification: “a chat is still a chat.”","UDC-S10-CTR-016","3346"
"UDC-B4-S10-040","ACTIVE","S10 / 4. Terminology Evolution / AI / Future","EARLIER / HISTORICAL: Admin as customer-facing role; LATEST / CURRENT: Admin is internal; Couturier is customer-facing; STATUS / NOTE: An Admin may have Function as Couturier enabled.","UDC-S10-CTR-017","3351"
"UDC-B4-S10-041","ACTIVE","S10 / 4. Terminology Evolution / Payment / Transaction","EARLIER / HISTORICAL: Fixed 60% payment wording; LATEST / CURRENT: Amount Due Now / Admin-set payment request; STATUS / NOTE: No universal public fixed percentage.","UDC-S10-CTR-016","3356"
"UDC-B4-S10-042","ACTIVE","S10 / 5. Latest Chat Architecture Found / Chat / Messaging","The latest architecture is one messaging system. A conversation does not become a different technical “kind” merely because it contains an Order. The source distinguishes chats by attached business context, not by a second messaging engine.","UDC-S10-CTR-001","3361"
"UDC-B4-S10-043","ACTIVE","S10 / 5. Latest Chat Architecture Found / Chat / Messaging","Chat with no Order attached: normal/free customer-Couturier conversation.","UDC-S10-CTR-001","3372"
"UDC-B4-S10-044","ACTIVE","S10 / 5. Latest Chat Architecture Found / Chat / Messaging","Chat with reference/context only: e.g., Review & Feeds reference or product/style context. Reference may be inactive and non-transactional.","UDC-S10-CTR-001","3377"
"UDC-B4-S10-045","ACTIVE","S10 / 5. Latest Chat Architecture Found / Payment / Transaction","Chat with one Main Order attached: becomes the dedicated transaction context for that Main Order.","UDC-S10-CTR-001","3382"
"UDC-B4-S10-046","ACTIVE","S10 / 5. Latest Chat Architecture Found / Payment / Transaction","Completed Main Order chat: dormant/read-only for the completed transaction unless legitimately reactivated for a later Extension or reopened by an authorized correction flow.","UDC-S10-CTR-001","3387"
"UDC-B4-S10-047","ACTIVE","S10 / 5. Latest Chat Architecture Found / Payment / Transaction","Unrelated future Main Order: new chat.","UDC-S10-CTR-002","3392"
"UDC-B4-S10-048","ACTIVE","S10 / 5. Latest Chat Architecture Found / Payment / Transaction","A Main Order may contain multiple Order Entries before payment lock, but the conversation does not become a container for multiple unrelated Main Orders. The owner’s later clarification preserves the distinction between “another entry in this Main Order,” “Extension to this paid transaction,” and “a completely new Main Order.”","UDC-S10-CTR-002","3397"
"UDC-B4-S10-049","ACTIVE","S10 / 5. Latest Chat Architecture Found / Payment / Transaction","CURRENT: CURRENT; “Dedicated Order Chat” means the chat is dedicated to the Main Order because the Order is attached; it does not mean a separate chat technology.: “Dedicated Order Chat” means the chat is dedicated to the Main Order because the Order is attached; it does not mean a separate chat technology.","UDC-S10-CTR-001","3402"
"UDC-B4-S10-050","ACTIVE","S10 / 6. Chat Creation Routes / Payment / Transaction","ENTRY: 1. Free / direct chat; SOURCE RULE: Customer intentionally starts a normal chat or uses a generic “confused / ask a Couturier” entry with no specific attachment.; RESULT: No Order Card initially. Reuse one free thread per customer-Couturier relationship under current reconciliation.","UDC-S10-CTR-005","3407"
"UDC-B4-S10-051","ACTIVE","S10 / 6. Chat Creation Routes / Payment / Transaction","ENTRY: 2. Shop / Product order route; SOURCE RULE: Customer uses the actual order/review action from Shopping/Product Details.; RESULT: Creates a new Main Order and new chat with product/order context.","UDC-S10-CTR-005","3412"
"UDC-B4-S10-052","ACTIVE","S10 / 6. Chat Creation Routes / Payment / Transaction","ENTRY: 3. Custom Style order route; SOURCE RULE: Customer enters Chat from the actual Custom Style ordering flow.; RESULT: Creates a Main Order/chat with structured Custom Style submission/context; not reduced to plain text.","UDC-S10-CTR-005","3417"
"UDC-B4-S10-053","ACTIVE","S10 / 6. Chat Creation Routes / Chat / Messaging","ENTRY: 4. Review & Feeds route; SOURCE RULE: Customer chats from a particular Dicta Moment/review.; RESULT: Chat carries public-safe inactive order/style/product reference; Admin/Couturier may later activate by creating/importing current customer Order.","UDC-S10-CTR-005","3422"
"UDC-B4-S10-054","ACTIVE","S10 / 6. Chat Creation Routes / Chat / Messaging","ENTRY: Homepage / generic guidance; SOURCE RULE: Homepage help/guidance that is not tied to a specific object.; RESULT: Routes to the reusable free chat rather than inventing a fifth chat type.","UDC-S10-CTR-005","3427"
"UDC-B4-S10-055","ACTIVE","S10 / 6. Chat Creation Routes / Chat / Messaging","ENTRY: Shopping generic guidance; SOURCE RULE: General help choosing, without an actual selected order object.; RESULT: Routes to free chat. Product-specific order action is separate and creates an Order chat.","UDC-S10-CTR-005","3432"
"UDC-B4-S10-056","ACTIVE","S10 / 6. Chat Creation Routes / Payment / Transaction","The owner described “four ways/four concepts” as route categories, not a maximum of four lifetime conversations. Customers may accumulate many Main Order chats over time.","UDC-S10-CTR-005","3437"
"UDC-B4-S10-057","ACTIVE","S10 / 7. Free Chat Rules / Functional / Content","Customer may freely start a conversation and say ordinary things such as “Hi”, “Good morning” or ask for guidance.","UDC-S10-CTR-006","3442"
"UDC-B4-S10-058","ACTIVE","S10 / 7. Free Chat Rules / Payment / Transaction","A free chat begins without an active Main Order or Order Card.","UDC-S10-CTR-006","3447"
"UDC-B4-S10-059","ACTIVE","S10 / 7. Free Chat Rules / Chat / Messaging","The owner explicitly limited arbitrary free-chat creation so customers cannot keep opening duplicate empty chats. The accepted current interpretation is one reusable free thread per customer-Couturier relationship.","UDC-S10-CTR-006","3452"
"UDC-B4-S10-060","ACTIVE","S10 / 7. Free Chat Rules / Chat / Messaging","Generic “ask a Couturier / I am confused / need help choosing” entry points can route to the reusable free chat when they do not carry a specific order/reference object.","UDC-S10-CTR-006","3457"
"UDC-B4-S10-061","ACTIVE","S10 / 7. Free Chat Rules / Payment / Transaction","An authorized Admin/Couturier may later create/import a Main Order into this same chat. Once that happens, the chat becomes the dedicated transaction chat for that Main Order.","UDC-S10-CTR-006","3462"
"UDC-B4-S10-062","ACTIVE","S10 / 7. Free Chat Rules / Navigation","The customer cannot use the manual Admin import function. Customers create Orders through the approved customer-facing order routes instead.","UDC-S10-CTR-006","3467"
"UDC-B4-S10-063","ACTIVE","S10 / 7. Free Chat Rules / Chat / Messaging","If an Order is transferred away from a Couturier and the customer later wants a separate ordinary conversation with the previous Couturier, that can use the previous Couturier’s reusable free chat rather than reopening the transferred Order conversation.","UDC-S10-CTR-006","3472"
"UDC-B4-S10-064","ACTIVE","S10 / 7. Free Chat Rules / Chat / Messaging","Normal free-chat messages remain ordinary chat records. Transaction immutability rules begin only for structured transaction objects/events.","UDC-S10-CTR-007","3477"
"UDC-B4-S10-065","ACTIVE","S10 / 8. Main Order + Chat Relationship / Payment / Transaction","One Main Order = one dedicated transaction chat.","UDC-S10-CTR-015","3482"
"UDC-B4-S10-066","ACTIVE","S10 / 8. Main Order + Chat Relationship / Payment / Transaction","New Main Order created from an explicit customer order route = new chat.","UDC-S10-CTR-011","3487"
"UDC-B4-S10-067","ACTIVE","S10 / 8. Main Order + Chat Relationship / Payment / Transaction","One Main Order may contain multiple Order Entries before payment lock; these entries remain in the same Main Order/chat.","UDC-S10-CTR-013","3492"
"UDC-B4-S10-068","ACTIVE","S10 / 8. Main Order + Chat Relationship / Payment / Transaction","Adding a pre-payment entry from an approved source does not create another Main Order merely because another product/request is added.","UDC-S10-CTR-011","3497"
"UDC-B4-S10-069","ACTIVE","S10 / 8. Main Order + Chat Relationship / Payment / Transaction","After payment lock, related new payable work is handled as an Extension rather than silently rewriting the paid Order Total.","UDC-S10-CTR-015","3502"
"UDC-B4-S10-070","ACTIVE","S10 / 8. Main Order + Chat Relationship / Payment / Transaction","A completely new unrelated purchase started directly from Shop/Product creates a new Main Order and new chat, even if another Order chat is currently open.","UDC-S10-CTR-015","3507"
"UDC-B4-S10-071","ACTIVE","S10 / 8. Main Order + Chat Relationship / Payment / Transaction","Permanent Main Order identity/Order Number remains stable. The customer-facing display title may be renamed.","UDC-S10-CTR-012","3512"
"UDC-B4-S10-072","ACTIVE","S10 / 8. Main Order + Chat Relationship / Data / Technical","The later owner refinement supersedes the old date/time-default naming rule: if the customer has not renamed the Order, the interface should fall back to its permanent system identifier/Order Number or default system title; exact ID format is not locked in Section 10.","UDC-S10-CTR-013","3517"
"UDC-B4-S10-073","ACTIVE","S10 / 8. Main Order + Chat Relationship / Payment / Transaction","Only one assigned Couturier handles a Main Order at a time.","UDC-S10-CTR-012","3522"
"UDC-B4-S10-074","ACTIVE","S10 / 8. Main Order + Chat Relationship / Security / Privacy","Conversation history, Editions, Payments and audit events remain attached to that Main Order even if staff assignment changes.","UDC-S10-CTR-013","3527"
"UDC-B4-S10-075","ACTIVE","S10 / 9. Admin-Imported Order Rules / Chat / Messaging","The owner introduced an important exception to “customer order action creates new chat”: an authorized Admin/Couturier may manually create the customer’s structured Order and import it into a chat that already exists.","UDC-S10-CTR-014","3532"
"UDC-B4-S10-076","ACTIVE","S10 / 9. Admin-Imported Order Rules / Chat / Messaging","Example: customer starts a normal chat and explains, “I want something like this; please help me create it.”","UDC-S10-CTR-011","3537"
"UDC-B4-S10-077","ACTIVE","S10 / 9. Admin-Imported Order Rules / AI / Future","Authorized Admin/Couturier may create the appropriate Shop-origin or Custom Style/custom Order for that customer.","UDC-S10-CTR-012","3542"
"UDC-B4-S10-078","ACTIVE","S10 / 9. Admin-Imported Order Rules / Payment / Transaction","Admin imports/attaches the structured Main Order into the same chat instead of forcing the customer to repeat the conversation elsewhere.","UDC-S10-CTR-014","3547"
"UDC-B4-S10-079","ACTIVE","S10 / 9. Admin-Imported Order Rules / AI / Future","The imported Order belongs to the customer, not to the Admin.","UDC-S10-CTR-011","3552"
"UDC-B4-S10-080","ACTIVE","S10 / 9. Admin-Imported Order Rules / Payment / Transaction","The customer must still review/approve the Order through the normal Edition and approval workflow. Admin import does not equal customer acceptance.","UDC-S10-CTR-014","3557"
"UDC-B4-S10-081","ACTIVE","S10 / 9. Admin-Imported Order Rules / Chat / Messaging","Only authorized Admin/Couturier accounts may perform the manual “import Order into existing chat” action.","UDC-S10-CTR-014","3562"
"UDC-B4-S10-082","ACTIVE","S10 / 9. Admin-Imported Order Rules / Payment / Transaction","Customer-facing customer actions can create a new Main Order through approved routes, but customers do not receive the internal Admin import control.","UDC-S10-CTR-014","3567"
"UDC-B4-S10-083","ACTIVE","S10 / 9. Admin-Imported Order Rules / Payment / Transaction","Idempotency is required so repeated taps/network retries cannot create duplicate Main Orders from one import action.","UDC-S10-CTR-012","3572"
"UDC-B4-S10-084","ACTIVE","S10 / 10. Shop / Product → Chat / AI / Future","Customer selects the approved product/order options and uses the current order action from Product Details / Shop.","UDC-S10-CTR-011","3577"
"UDC-B4-S10-085","ACTIVE","S10 / 10. Shop / Product → Chat / Payment / Transaction","This creates a new Main Order and new chat for that Main Order.","UDC-S10-CTR-011","3588"
"UDC-B4-S10-086","ACTIVE","S10 / 10. Shop / Product → Chat / AI / Future","Product-origin Order retains its genuine Source Product relationship and initial order snapshot through the authoritative Order system.","UDC-S10-CTR-011","3593"
"UDC-B4-S10-087","ACTIVE","S10 / 10. Shop / Product → Chat / Payment / Transaction","The Product/Shop context should appear in the chat/Order Card without forcing the customer to re-explain the selected piece.","UDC-S10-CTR-011","3598"
"UDC-B4-S10-088","ACTIVE","S10 / 10. Shop / Product → Chat / Payment / Transaction","The owner clarified that guidance/support exists on the Shopping Page and Homepage as well as other surfaces. Generic help with no specific attached order object routes to the normal reusable chat. It does not silently create a Main Order.","UDC-S10-CTR-011","3603"
"UDC-B4-S10-089","ACTIVE","S10 / 10. Shop / Product → Chat / Payment / Transaction","Before payment lock, approved “add another entry” behaviour may keep the new entry inside the same Main Order/chat.","UDC-S10-CTR-011","3608"
"UDC-B4-S10-090","ACTIVE","S10 / 10. Shop / Product → Chat / Payment / Transaction","Inside Extension mode, choosing “From Shop” keeps the customer in Extension context; the selected product becomes part of the Extension workflow.","UDC-S10-CTR-011","3613"
"UDC-B4-S10-091","ACTIVE","S10 / 10. Shop / Product → Chat / Payment / Transaction","Leaving the existing chat and going directly to Shop/Product to start a new unrelated purchase creates a new Main Order and new chat.","UDC-S10-CTR-015","3618"
"UDC-B4-S10-092","ACTIVE","S10 / 11. Custom Style → Chat / Chat / Messaging","The later owner correction states that when the customer enters Chat from the actual Custom Style flow, the intent is to create/review an Order. This supersedes the earlier interpretation that Custom Style support automatically used a general assistance thread.","UDC-S10-CTR-012","3623"
"UDC-B4-S10-093","ACTIVE","S10 / 11. Custom Style → Chat / Chat / Messaging","Custom Style retains its structured form/submission data when handed into Chat: selected fabric/service, notes, measurements where provided, event/style information and uploads.","UDC-S10-CTR-012","3628"
"UDC-B4-S10-094","ACTIVE","S10 / 11. Custom Style → Chat / Chat / Messaging","The structured submission becomes Order context rather than one long unstructured message.","UDC-S10-CTR-012","3633"
"UDC-B4-S10-095","ACTIVE","S10 / 11. Custom Style → Chat / Payment / Transaction","Actual Custom Style “continue/chat with Couturier” ordering flow creates a Main Order and chat.","UDC-S10-CTR-012","3638"
"UDC-B4-S10-096","ACTIVE","S10 / 11. Custom Style → Chat / Chat / Messaging","Generic sitewide “I am confused / ask a Couturier” help remains possible through the free chat, but it is distinct from the Custom Style transaction handoff.","UDC-S10-CTR-012","3643"
"UDC-B4-S10-097","ACTIVE","S10 / 11. Custom Style → Chat / Security / Privacy","Private Custom Style data stays private. It does not become public merely because later Review & Feeds content exists.","UDC-S10-CTR-012","3648"
"UDC-B4-S10-098","ACTIVE","S10 / 12. Review & Feeds → Chat / Payment / Transaction","Review & Feeds is a special contextual route. The customer may ask about a Dicta Moment/piece without initially creating an active Main Order.","UDC-S10-CTR-009","3653"
"UDC-B4-S10-099","ACTIVE","S10 / 12. Review & Feeds → Chat / Chat / Messaging","The chat carries a public-safe reference showing what is being discussed, including genuine related product/custom-order treatment where allowed.","UDC-S10-CTR-008","3658"
"UDC-B4-S10-100","ACTIVE","S10 / 12. Review & Feeds → Chat / AI / Future","The reference is inactive/non-payable until an authorized Admin/Couturier converts it into the current customer’s structured Order.","UDC-S10-CTR-008","3663"
"UDC-B4-S10-101","ACTIVE","S10 / 12. Review & Feeds → Chat / Security / Privacy","The object brought from Review & Feeds is NOT the original reviewer’s live/private Main Order. It must never carry the original customer’s Order Number, measurements, address, payment details, proofs, private Custom Style data, private chat or account information.","UDC-S10-CTR-009","3668"
"UDC-B4-S10-102","ACTIVE","S10 / 12. Review & Feeds → Chat / AI / Future","If the current customer says “I want this / something like this,” Admin/Couturier may create or import the current customer’s Order based on the reference.","UDC-S10-CTR-008","3673"
"UDC-B4-S10-103","ACTIVE","S10 / 12. Review & Feeds → Chat / Payment / Transaction","Once activated as a Main Order, normal Edition, approval, payment and Extension rules apply.","UDC-S10-CTR-008","3678"
"UDC-B4-S10-104","ACTIVE","S10 / 12. Review & Feeds → Chat / Functional / Content","Duplicate taps/retries on the same Review action must not create duplicate conversations/reference attachments.","UDC-S10-CTR-008","3683"
"UDC-B4-S10-105","ACTIVE","S10 / 12. Review & Feeds → Chat / Chat / Messaging","If the public review later becomes unavailable, the chat remains; its context card should degrade safely (for example, “This Dicta Moment is no longer publicly available”) without exposing moderation history.","UDC-S10-CTR-009","3688"
"UDC-B4-S10-106","ACTIVE","S10 / 12. Review & Feeds → Chat / Chat / Messaging","Review moderation support remains customer-to-business only. No customer-to-customer chat is introduced.","UDC-S10-CTR-008","3693"
"UDC-B4-S10-107","ACTIVE","S10 / 13. Order Card Inside Chat / Payment / Transaction","The authoritative Order Card design and business behaviour now comes from the approved Section 8 Order & Bank Transfer Flow. Older Section 10 Order Card mockups remain useful visual references only where compatible.","UDC-S10-CTR-048","3698"
"UDC-B4-S10-108","ACTIVE","S10 / 13. Order Card Inside Chat / Payment / Transaction","SUPERSEDED: SUPERSEDED; Any older Section 10 Order Card visual/rule that conflicts with the current Section 8 Order Card architecture is superseded by Section 8.: Any older Section 10 Order Card visual/rule that conflicts with the current Section 8 Order Card architecture is superseded by Section 8.","UDC-S10-CTR-047","3703"
"UDC-B4-S10-109","ACTIVE","S10 / 13. Order Card Inside Chat / Payment / Transaction","Order Card is visible inside the Main Order chat and accessible through “View Order Card.”","UDC-S10-CTR-047","3708"
"UDC-B4-S10-110","ACTIVE","S10 / 13. Order Card Inside Chat / Payment / Transaction","It presents the current authoritative Order state, including entries, current service/quantity/note details, Added Details where applicable, current Order Total, approval/payment state and Extension state where relevant.","UDC-S10-CTR-047","3713"
"UDC-B4-S10-111","ACTIVE","S10 / 13. Order Card Inside Chat / AI / Future","Product-origin entries retain genuine Source Product relationship; independent Custom Style does not invent one.","UDC-S10-CTR-047","3718"
"UDC-B4-S10-112","ACTIVE","S10 / 13. Order Card Inside Chat / Payment / Transaction","Order Card itself is permanent transaction evidence and cannot be hard-deleted.","UDC-S10-CTR-047","3723"
"UDC-B4-S10-113","ACTIVE","S10 / 13. Order Card Inside Chat / Payment / Transaction","Customer/Admin changes create a new current Edition and permanent transaction event rather than overwriting history without trace.","UDC-S10-CTR-047","3728"
"UDC-B4-S10-114","ACTIVE","S10 / 13. Order Card Inside Chat / Payment / Transaction","Order Card events identify the actor and time.","UDC-S10-CTR-048","3733"
"UDC-B4-S10-115","ACTIVE","S10 / 13. Order Card Inside Chat / Payment / Transaction","Older Editions remain read-only history.","UDC-S10-CTR-048","3738"
"UDC-B4-S10-116","ACTIVE","S10 / 13. Order Card Inside Chat / Payment / Transaction","Order Card display title may be renamed without changing permanent Order Number.","UDC-S10-CTR-047","3743"
"UDC-B4-S10-117","ACTIVE","S10 / 13. Order Card Inside Chat / Payment / Transaction","Chat presentation must keep the current Order Card easy to reach without requiring endless scrolling.","UDC-S10-CTR-047","3748"
"UDC-B4-S10-118","ACTIVE","S10 / 14. Edition History / Payment / Transaction","Final versioning term is Edition, not Revision.","UDC-S10-CTR-048","3753"
"UDC-B4-S10-119","ACTIVE","S10 / 14. Edition History / Payment / Transaction","Edition 1 represents the initial structured Order state; later meaningful Order Card changes create later Editions as defined by the transaction system.","UDC-S10-CTR-048","3758"
"UDC-B4-S10-120","ACTIVE","S10 / 14. Edition History / Payment / Transaction","Each Edition is read-only once superseded and preserves what the Order looked like at that moment.","UDC-S10-CTR-048","3763"
"UDC-B4-S10-121","ACTIVE","S10 / 14. Edition History / Payment / Transaction","Edition history identifies the actor who created the change (customer or authorized Admin/Couturier) and the time.","UDC-S10-CTR-048","3768"
"UDC-B4-S10-122","ACTIVE","S10 / 14. Edition History / Payment / Transaction","My Closet → Orders shows the customer’s Order first, then its Edition history.","UDC-S10-CTR-048","3773"
"UDC-B4-S10-123","ACTIVE","S10 / 14. Edition History / Payment / Transaction","Each Edition can expose “See in Chat” to jump to the exact Order Card/Edition event in the conversation.","UDC-S10-CTR-047","3778"
"UDC-B4-S10-124","ACTIVE","S10 / 14. Edition History / Payment / Transaction","Historical Editions are never silently replaced merely because the live catalogue/product later changes.","UDC-S10-CTR-048","3783"
"UDC-B4-S10-125","ACTIVE","S10 / 14. Edition History / Payment / Transaction","Payment/approval references should point to the relevant current Edition/Extension state so the customer can reconstruct what was agreed at each step.","UDC-S10-CTR-048","3788"
"UDC-B4-S10-126","ACTIVE","S10 / 15. Current Pin / Smart Pin / Chat / Messaging","The owner accepted a single-current-pin model so the chat stays navigable without multiple competing pinned cards.","UDC-S10-CTR-045","3793"
"UDC-B4-S10-127","ACTIVE","S10 / 15. Current Pin / Smart Pin / Functional / Content","Only one current structured transaction object is pinned at a time.","UDC-S10-CTR-044","3804"
"UDC-B4-S10-128","ACTIVE","S10 / 15. Current Pin / Smart Pin / Payment / Transaction","When a new Order Edition becomes current, the prior pinned Edition loses current-pin status but remains in history.","UDC-S10-CTR-046","3809"
"UDC-B4-S10-129","ACTIVE","S10 / 15. Current Pin / Smart Pin / Payment / Transaction","If an active Extension becomes the current actionable transaction state, the Current Pin points to the latest Extension/Order Card state within the same Main Order workspace.","UDC-S10-CTR-044","3814"
"UDC-B4-S10-130","ACTIVE","S10 / 15. Current Pin / Smart Pin / Chat / Messaging","The Current Pin does not delete or rewrite older transaction events.","UDC-S10-CTR-045","3819"
"UDC-B4-S10-131","ACTIVE","S10 / 15. Current Pin / Smart Pin / Navigation","Current Pin is not the same thing as a notification. It is a persistent navigation shortcut to the current actionable structured state.","UDC-S10-CTR-044","3824"
"UDC-B4-S10-132","ACTIVE","S10 / 15. Current Pin / Smart Pin / Payment / Transaction","The interface should avoid stacked competing pins for original Order, Extension and old Editions.","UDC-S10-CTR-044","3829"
"UDC-B4-S10-133","ACTIVE","S10 / 16. Order Timeline / Activity / Payment / Transaction","Edition History and Activity/Order Timeline are related but different views.","UDC-S10-CTR-048","3834"
"UDC-B4-S10-134","ACTIVE","S10 / 16. Order Timeline / Activity / Payment / Transaction","VIEW: Edition History; PURPOSE: Shows versioned Order Card states: Edition 1, Edition 2, Edition 3, actor, time and “See in Chat”.","UDC-S10-CTR-048","3839"
"UDC-B4-S10-135","ACTIVE","S10 / 16. Order Timeline / Activity / Payment / Transaction","VIEW: Order Timeline / Activity; PURPOSE: Shows significant lifecycle events across the whole Main Order: creation, edits, approvals, payment records, transfer, Extension events, completion and review enablement.","UDC-S10-CTR-049","3844"
"UDC-B4-S10-136","ACTIVE","S10 / 16. Order Timeline / Activity / Functional / Content","Order Timeline is read-only.","UDC-S10-CTR-048","3849"
"UDC-B4-S10-137","ACTIVE","S10 / 16. Order Timeline / Activity / Chat / Messaging","It can be reached from the three-dot chat menu and from the individual My Closet Order detail. These are two views of the same canonical event history, not duplicated independent histories.","UDC-S10-CTR-049","3854"
"UDC-B4-S10-138","ACTIVE","S10 / 16. Order Timeline / Activity / AI / Future","Events should include actor identity where meaningful: customer, Couturier/Admin, system.","UDC-S10-CTR-049","3859"
"UDC-B4-S10-139","ACTIVE","S10 / 16. Order Timeline / Activity / Payment / Transaction","Examples: Order Created → Edition Changed → Couturier Approved → Customer Final Approval → Payment Enabled → Payment Submitted → Payment Verified/Needs Attention → Extension Proposed/Accepted → Couturier Transfer → Order Completed → Review Enabled.","UDC-S10-CTR-049","3864"
"UDC-B4-S10-140","ACTIVE","S10 / 17. My Closet Orders Relationship / Chat / Messaging","My Closet → Orders remains the customer’s access/history index. It is not a second live Order editing engine.","UDC-S10-CTR-046","3869"
"UDC-B4-S10-141","ACTIVE","S10 / 17. My Closet Orders Relationship / Payment / Transaction","One row/card per Main Order.","UDC-S10-CTR-046","3874"
"UDC-B4-S10-142","ACTIVE","S10 / 17. My Closet Orders Relationship / AI / Future","Primary display uses the customer-renamed Order title when available, e.g., “Auntie Kemi’s Wedding” or “Brother Bolu’s Birthday.”","UDC-S10-CTR-046","3879"
"UDC-B4-S10-143","ACTIVE","S10 / 17. My Closet Orders Relationship / Data / Technical","If not renamed, use the permanent system Order identifier/default title; exact identifier format is not locked here.","UDC-S10-CTR-046","3884"
"UDC-B4-S10-144","ACTIVE","S10 / 17. My Closet Orders Relationship / Payment / Transaction","Opening the Order shows its current summary, Edition history and Activity/Timeline.","UDC-S10-CTR-046","3889"
"UDC-B4-S10-145","ACTIVE","S10 / 17. My Closet Orders Relationship / Payment / Transaction","Customer can scroll Editions from earliest to latest and see who changed each Edition.","UDC-S10-CTR-046","3894"
"UDC-B4-S10-146","ACTIVE","S10 / 17. My Closet Orders Relationship / Payment / Transaction","Each Edition provides “See in Chat” to jump directly to the corresponding event in the Main Order chat.","UDC-S10-CTR-046","3899"
"UDC-B4-S10-147","ACTIVE","S10 / 17. My Closet Orders Relationship / Payment / Transaction","My Closet must not allow a second independent editing workflow that can diverge from the authoritative Chat/Order Card.","UDC-S10-CTR-046","3904"
"UDC-B4-S10-148","ACTIVE","S10 / 17. My Closet Orders Relationship / Functional / Content","This structure exists partly to give the customer transparent evidence of what changed and when.","UDC-S10-CTR-046","3909"
"UDC-B4-S10-149","ACTIVE","S10 / 18. My Closet Payments Relationship / Payment / Transaction","My Closet → Payments groups history by Main Order first, using the same Order title/identifier system as Orders.","UDC-S10-CTR-046","3914"
"UDC-B4-S10-150","ACTIVE","S10 / 18. My Closet Payments Relationship / Payment / Transaction","Opening an Order shows Payment 1, Payment 2, Payment 3, etc. in chronological history where multiple Payment Records exist.","UDC-S10-CTR-046","3919"
"UDC-B4-S10-151","ACTIVE","S10 / 18. My Closet Payments Relationship / Payment / Transaction","Each record shows amount, verification state and relationship to the relevant Order Edition or Extension state.","UDC-S10-CTR-045","3924"
"UDC-B4-S10-152","ACTIVE","S10 / 18. My Closet Payments Relationship / Payment / Transaction","Customer can see how cumulative verified payments affected Total Paid and Outstanding Balance.","UDC-S10-CTR-046","3929"
"UDC-B4-S10-153","ACTIVE","S10 / 18. My Closet Payments Relationship / Payment / Transaction","Each Payment Record can expose “See in Chat” to jump to the corresponding payment event in the Main Order conversation.","UDC-S10-CTR-046","3934"
"UDC-B4-S10-154","ACTIVE","S10 / 18. My Closet Payments Relationship / Payment / Transaction","My Closet Payments is a ledger/history/access surface. It does not become a competing payment engine.","UDC-S10-CTR-046","3939"
"UDC-B4-S10-155","ACTIVE","S10 / 18. My Closet Payments Relationship / Payment / Transaction","Payment proofs/receipt evidence remain secured as Payment Records rather than casual items in the chat media gallery.","UDC-S10-CTR-046","3944"
"UDC-B4-S10-156","ACTIVE","S10 / 19. Approval Flow / Payment / Transaction","The later Section 8 flow supersedes older Section 10 visuals where payment became available immediately after Admin/Couturier approval.","UDC-S10-CTR-051","3949"
"UDC-B4-S10-157","ACTIVE","S10 / 19. Approval Flow / Payment / Transaction","Order/Editions remain editable while unlocked according to the current Order rules.","UDC-S10-CTR-050","3954"
"UDC-B4-S10-158","ACTIVE","S10 / 19. Approval Flow / Payment / Transaction","Couturier/Admin reviews and approves the current Edition.","UDC-S10-CTR-050","3959"
"UDC-B4-S10-159","ACTIVE","S10 / 19. Approval Flow / Payment / Transaction","Customer performs Final Approval of that same current Edition.","UDC-S10-CTR-051","3964"
"UDC-B4-S10-160","ACTIVE","S10 / 19. Approval Flow / Payment / Transaction","Authorized Admin/Couturier explicitly enables payment and sets/uses the appropriate Amount Due Now under the payment rules.","UDC-S10-CTR-052","3969"
"UDC-B4-S10-161","ACTIVE","S10 / 19. Approval Flow / Payment / Transaction","Any material edit to the Order invalidates the previous approval chain and requires renewed approval before payment can proceed on the changed Edition.","UDC-S10-CTR-050","3974"
"UDC-B4-S10-162","ACTIVE","S10 / 19. Approval Flow / Payment / Transaction","Customer Request Change / authorized reopening can return the Order to an editable/review state before payment lock.","UDC-S10-CTR-052","3979"
"UDC-B4-S10-163","ACTIVE","S10 / 19. Approval Flow / Payment / Transaction","After payment lock, the ordinary pre-payment approval loop is not used to silently rewrite the paid Edition; corrections/new work use Amendment/Extension architecture as appropriate.","UDC-S10-CTR-051","3984"
"UDC-B4-S10-164","ACTIVE","S10 / 19. Approval Flow / Payment / Transaction","Approval actions are transaction events and cannot be edited/deleted like ordinary chat messages.","UDC-S10-CTR-050","3989"
"UDC-B4-S10-165","ACTIVE","S10 / 20. Payment Flow / Payment / Transaction","BANK TRANSFER ONLY.","UDC-S10-CTR-053","3994"
"UDC-B4-S10-166","ACTIVE","S10 / 20. Payment Flow / Payment / Transaction","No universal fixed public 60% rule. Amount Due Now is Admin/Couturier-controlled according to the approved payment flow.","UDC-S10-CTR-052","3999"
"UDC-B4-S10-167","ACTIVE","S10 / 20. Payment Flow / Payment / Transaction","Customer transfers funds externally, enters/submits the payment as required and uploads proof.","UDC-S10-CTR-054","4004"
"UDC-B4-S10-168","ACTIVE","S10 / 20. Payment Flow / AI / Future","Before submission, a proof may remain a local/draft customer-only item that can be changed/removed.","UDC-S10-CTR-054","4009"
"UDC-B4-S10-169","ACTIVE","S10 / 20. Payment Flow / Payment / Transaction","After submission, a permanent append-only Payment Record is created.","UDC-S10-CTR-054","4020"
"UDC-B4-S10-170","ACTIVE","S10 / 20. Payment Flow / Payment / Transaction","Payment states include Receipt Submitted / Under Review / Verified / Needs Attention as established by the transaction system.","UDC-S10-CTR-054","4025"
"UDC-B4-S10-171","ACTIVE","S10 / 20. Payment Flow / Payment / Transaction","If proof is wrong or needs correction, the old submitted record is preserved and a new Payment Record is used rather than silently replacing history.","UDC-S10-CTR-054","4030"
"UDC-B4-S10-172","ACTIVE","S10 / 20. Payment Flow / Payment / Transaction","Ledger tracks Payment 1 / Payment 2 / etc., Total Paid and Outstanding Balance.","UDC-S10-CTR-055","4035"
"UDC-B4-S10-173","ACTIVE","S10 / 20. Payment Flow / Payment / Transaction","Payment Completed means the financial obligation is completed according to verified ledger/legitimate approved adjustment; it does not automatically mean fulfilment is complete.","UDC-S10-CTR-055","4040"
"UDC-B4-S10-174","ACTIVE","S10 / 20. Payment Flow / Payment / Transaction","Payment event history can be reached from both Chat and My Closet Payments via “See in Chat”.","UDC-S10-CTR-054","4045"
"UDC-B4-S10-175","ACTIVE","S10 / 20. Payment Flow / Security / Privacy","Payment proofs are private transaction media and are excluded from ordinary Photos & Videos history.","UDC-S10-CTR-055","4050"
"UDC-B4-S10-176","ACTIVE","S10 / 21. Extensions / Payment / Transaction","Order Extensions are post-payment-lock additions of related new payable work to the same Main Order transaction. They are separate from the project-wide “Extras” document.","UDC-S10-CTR-056","4055"
"UDC-B4-S10-177","ACTIVE","S10 / 21. Extensions / Payment / Transaction","Extension becomes relevant after the original transaction is payment-locked, not merely because the customer wants another item before payment.","UDC-S10-CTR-056","4060"
"UDC-B4-S10-178","ACTIVE","S10 / 21. Extensions / Payment / Transaction","If the customer wants additional related payable work inside the existing Order, use Extension inside that Main Order chat.","UDC-S10-CTR-056","4065"
"UDC-B4-S10-179","ACTIVE","S10 / 21. Extensions / Payment / Transaction","Extension action can offer From Shop and From Device.","UDC-S10-CTR-056","4070"
"UDC-B4-S10-180","ACTIVE","S10 / 21. Extensions / Payment / Transaction","When the customer enters Shop through Extension mode, the selected product remains in Extension context and does not accidentally create an unrelated Main Order.","UDC-S10-CTR-056","4075"
"UDC-B4-S10-181","ACTIVE","S10 / 21. Extensions / Payment / Transaction","From Device begins a structured custom/reference Extension path; a raw image is not automatically treated as a commercial line item without the Extension workflow.","UDC-S10-CTR-056","4080"
"UDC-B4-S10-182","ACTIVE","S10 / 21. Extensions / Payment / Transaction","Customer may create/request an Extension directly. Admin/Couturier may propose an Extension after discussion.","UDC-S10-CTR-056","4085"
"UDC-B4-S10-183","ACTIVE","S10 / 21. Extensions / Payment / Transaction","Admin/Couturier-proposed Extension is not active/payable until the customer accepts it.","UDC-S10-CTR-056","4090"
"UDC-B4-S10-184","ACTIVE","S10 / 21. Extensions / Payment / Transaction","Only one active Extension at a time.","UDC-S10-CTR-057","4095"
"UDC-B4-S10-185","ACTIVE","S10 / 21. Extensions / Payment / Transaction","Extension has its own review/approval/payment/completion while preserving the original paid Order Total/Edition.","UDC-S10-CTR-056","4100"
"UDC-B4-S10-186","ACTIVE","S10 / 21. Extensions / AI / Future","Original paid Order remains locked and historically intact.","UDC-S10-CTR-056","4105"
"UDC-B4-S10-187","ACTIVE","S10 / 21. Extensions / Payment / Transaction","Extension lives in the same Main Order/chat and may become the Current Pin while active.","UDC-S10-CTR-056","4110"
"UDC-B4-S10-188","ACTIVE","S10 / 21. Extensions / Payment / Transaction","A later unrelated purchase started directly from Shop/Product outside Extension mode creates a new Main Order and new chat.","UDC-S10-CTR-056","4115"
"UDC-B4-S10-189","ACTIVE","S10 / 21. Extensions / Payment / Transaction","A new Extension may be created later only after the prior Extension is completed, cancelled/declined or formally closed as required by the current transaction rules.","UDC-S10-CTR-057","4120"
"UDC-B4-S10-190","ACTIVE","S10 / 22. Completion / Reactivation / Payment / Transaction","Payment Completed and Order Completed are distinct states.","UDC-S10-CTR-057","4125"
"UDC-B4-S10-191","ACTIVE","S10 / 22. Completion / Reactivation / Payment / Transaction","Order Completed is an authorized manual business action representing accepted fulfilment completion, not merely payment status.","UDC-S10-CTR-057","4130"
"UDC-B4-S10-192","ACTIVE","S10 / 22. Completion / Reactivation / Payment / Transaction","When the Main Order is completed and no active Extension requires work, the transaction chat becomes dormant/read-only for that completed transaction.","UDC-S10-CTR-057","4135"
"UDC-B4-S10-193","ACTIVE","S10 / 22. Completion / Reactivation / Payment / Transaction","Historical messages, Order Cards, Editions and Payments remain accessible.","UDC-S10-CTR-058","4140"
"UDC-B4-S10-194","ACTIVE","S10 / 22. Completion / Reactivation / Security / Privacy","A mistaken completion can be reopened by authorized staff with an audit event.","UDC-S10-CTR-057","4145"
"UDC-B4-S10-195","ACTIVE","S10 / 22. Completion / Reactivation / Payment / Transaction","A legitimate future accepted Extension may reactivate the same Main Order chat for that Extension while the original completed Order remains locked.","UDC-S10-CTR-058","4150"
"UDC-B4-S10-196","ACTIVE","S10 / 22. Completion / Reactivation / Payment / Transaction","A completely new unrelated purchase does not reactivate the old Main Order; it creates a new Main Order/chat.","UDC-S10-CTR-056","4155"
"UDC-B4-S10-197","ACTIVE","S10 / 22. Completion / Reactivation / AI / Future","Review availability is a separate post-completion state and follows the Review & Feeds eligibility rules.","UDC-S10-CTR-057","4160"
"UDC-B4-S10-198","ACTIVE","S10 / 23. Couturier Architecture / Navigation","Customer-facing role is Dicta Couturier / Couturier. “Admin” is internal terminology.","UDC-S10-CTR-016","4165"
"UDC-B4-S10-199","ACTIVE","S10 / 23. Couturier Architecture / Functional / Content","Concept supports Couturier 1, Couturier 2 and Couturier 3 without specialization labels.","UDC-S10-CTR-016","4170"
"UDC-B4-S10-200","ACTIVE","S10 / 23. Couturier Architecture / Security / Privacy","An Admin account may or may not function as a Couturier. The relevant permission/toggle determines whether that Admin appears to customers and receives Couturier chats/orders.","UDC-S10-CTR-017","4175"
"UDC-B4-S10-201","ACTIVE","S10 / 23. Couturier Architecture / Functional / Content","At launch the business may operate with only one active Couturier; later more can be activated.","UDC-S10-CTR-018","4180"
"UDC-B4-S10-202","ACTIVE","S10 / 23. Couturier Architecture / Navigation","Only active/available Couturiers are selectable/assignable for new customer work.","UDC-S10-CTR-018","4185"
"UDC-B4-S10-203","ACTIVE","S10 / 23. Couturier Architecture / Payment / Transaction","One Main Order has one assigned Couturier at a time.","UDC-S10-CTR-016","4190"
"UDC-B4-S10-204","ACTIVE","S10 / 23. Couturier Architecture / Payment / Transaction","Couturier identity is part of the conversation header and transaction assignment but changing staff assignment does not create a new Main Order/chat.","UDC-S10-CTR-016","4195"
"UDC-B4-S10-205","ACTIVE","S10 / 24. Couturier Assignment / Recommendation / Functional / Content","If only one Couturier is active, assignment can be automatic.","UDC-S10-CTR-019","4200"
"UDC-B4-S10-206","ACTIVE","S10 / 24. Couturier Assignment / Recommendation / Functional / Content","If multiple Couturiers are active, the customer may see active choices for new work where the flow supports selection.","UDC-S10-CTR-019","4205"
"UDC-B4-S10-207","ACTIVE","S10 / 24. Couturier Assignment / Recommendation / Performance","The least-loaded active Couturier may receive a “Most Recommended” / recommended indicator to encourage workload balance.","UDC-S10-CTR-019","4210"
"UDC-B4-S10-208","ACTIVE","S10 / 24. Couturier Assignment / Recommendation / AI / Future","This recommendation is a workload signal, not a quality ranking or claim that one Couturier is better than another.","UDC-S10-CTR-019","4215"
"UDC-B4-S10-209","ACTIVE","S10 / 24. Couturier Assignment / Recommendation / Performance","If active workloads are equal, no recommendation badge is shown.","UDC-S10-CTR-019","4220"
"UDC-B4-S10-210","ACTIVE","S10 / 24. Couturier Assignment / Recommendation / Navigation","Completed/dormant Orders stop counting as active workload, making that Couturier more likely to be recommended for future work.","UDC-S10-CTR-019","4225"
"UDC-B4-S10-211","ACTIVE","S10 / 24. Couturier Assignment / Recommendation / Performance","Couturier-side operations should show each Couturier’s active assigned workload count so transfers/assignment can be managed intelligently.","UDC-S10-CTR-019","4236"
"UDC-B4-S10-212","ACTIVE","S10 / 24. Couturier Assignment / Recommendation / AI / Future","Exact load-balancing formula is an implementation detail; the business rule is to favor the least-loaded active Couturier without misleading customers.","UDC-S10-CTR-019","4241"
"UDC-B4-S10-213","ACTIVE","S10 / 25. Couturier Transfer / Reassignment / Payment / Transaction","Authorized Couturier/Admin may transfer/reassign a Main Order to another active Couturier.","UDC-S10-CTR-019","4246"
"UDC-B4-S10-214","ACTIVE","S10 / 25. Couturier Transfer / Reassignment / Payment / Transaction","Reassignment preserves the same Main Order, permanent Order Number, chat, Editions, Payments and full conversation history.","UDC-S10-CTR-020","4251"
"UDC-B4-S10-215","ACTIVE","S10 / 25. Couturier Transfer / Reassignment / Chat / Messaging","The system should change assignment/access, not physically duplicate/copy the conversation into a second transaction record.","UDC-S10-CTR-019","4256"
"UDC-B4-S10-216","ACTIVE","S10 / 25. Couturier Transfer / Reassignment / Functional / Content","Customer sees a clear system event that the Order has been transferred/reassigned to another Couturier.","UDC-S10-CTR-019","4261"
"UDC-B4-S10-217","ACTIVE","S10 / 25. Couturier Transfer / Reassignment / Functional / Content","New Couturier receives access to the legitimate full historical conversation and transaction context required to continue the Order.","UDC-S10-CTR-019","4266"
"UDC-B4-S10-218","ACTIVE","S10 / 25. Couturier Transfer / Reassignment / Chat / Messaging","Previous Couturier loses write authority for that Order chat after transfer.","UDC-S10-CTR-020","4271"
"UDC-B4-S10-219","ACTIVE","S10 / 25. Couturier Transfer / Reassignment / Payment / Transaction","Previous Couturier cannot simply reopen/write into the Order at will; control must return through a proper reassignment so two Couturiers cannot simultaneously manage the same Main Order.","UDC-S10-CTR-020","4276"
"UDC-B4-S10-220","ACTIVE","S10 / 25. Couturier Transfer / Reassignment / Security / Privacy","Internal audit records who transferred the Order, from whom, to whom and when.","UDC-S10-CTR-019","4281"
"UDC-B4-S10-221","ACTIVE","S10 / 25. Couturier Transfer / Reassignment / Chat / Messaging","If the customer separately wants an ordinary conversation with the previous Couturier, that is handled through the appropriate free-chat relationship, not by reopening the transferred Order chat.","UDC-S10-CTR-019","4286"
"UDC-B4-S10-222","ACTIVE","S10 / 26. Customer Chat List / Chat / Messaging","The customer sees a single Chats destination rather than separate “General” and “Order” messaging products. Conversation rows communicate context.","UDC-S10-CTR-022","4291"
"UDC-B4-S10-223","ACTIVE","S10 / 26. Customer Chat List / Chat / Messaging","Normal/free chat row identifies the Couturier and recent activity without inventing an Order identity.","UDC-S10-CTR-022","4296"
"UDC-B4-S10-224","ACTIVE","S10 / 26. Customer Chat List / Chat / Messaging","Order-bearing chat row should show customer-renamed Order title when available, permanent Order Number/reference, assigned Couturier, high-level status, last activity and unread state.","UDC-S10-CTR-022","4301"
"UDC-B4-S10-225","ACTIVE","S10 / 26. Customer Chat List / Payment / Transaction","Review-reference or other contextual chat may show its context until an active Main Order is created/imported.","UDC-S10-CTR-022","4306"
"UDC-B4-S10-226","ACTIVE","S10 / 26. Customer Chat List / Payment / Transaction","Completed/dormant Main Order chats remain available as history and visibly distinguish completed status.","UDC-S10-CTR-022","4311"
"UDC-B4-S10-227","ACTIVE","S10 / 26. Customer Chat List / Functional / Content","Lightweight search by Order Number/title or conversation text is appropriate for scale.","UDC-S10-CTR-022","4316"
"UDC-B4-S10-228","ACTIVE","S10 / 26. Customer Chat List / Functional / Content","Exact customer-side grouping/filter scheme is intentionally kept simple; the source does not require a large helpdesk-style filter dashboard.","UDC-S10-CTR-023","4321"
"UDC-B4-S10-229","ACTIVE","S10 / 27. Message System / Chat / Messaging","Text, image, video and voice-note messages are supported.","UDC-S10-CTR-024","4326"
"UDC-B4-S10-230","ACTIVE","S10 / 27. Message System / Chat / Messaging","Normal message actions: Reply, Copy, Edit, Delete.","UDC-S10-CTR-026","4331"
"UDC-B4-S10-231","ACTIVE","S10 / 27. Message System / Chat / Messaging","Latest accepted V1 rule: Edit for everyone within 30 minutes of server-recorded send time.","UDC-S10-CTR-024","4336"
"UDC-B4-S10-232","ACTIVE","S10 / 27. Message System / Chat / Messaging","Latest accepted V1 rule: Delete for everyone within 30 minutes; deletion shows “This message was deleted.” rather than silently removing the event.","UDC-S10-CTR-024","4341"
"UDC-B4-S10-233","ACTIVE","S10 / 27. Message System / Chat / Messaging","Edited messages show an Edited state/label.","UDC-S10-CTR-025","4346"
"UDC-B4-S10-234","ACTIVE","S10 / 27. Message System / Security / Privacy","Authorized internal audit retains the original content/edit/delete history for accountability.","UDC-S10-CTR-026","4351"
"UDC-B4-S10-235","ACTIVE","S10 / 27. Message System / Chat / Messaging","Quoted Reply previews the source; selecting the quoted reference jumps to the original message/event where possible.","UDC-S10-CTR-026","4356"
"UDC-B4-S10-236","ACTIVE","S10 / 27. Message System / Chat / Messaging","Normal messages support Sending/Pending, Sent, Failed/Retry and, where technically supported, Delivered/Read states.","UDC-S10-CTR-025","4361"
"UDC-B4-S10-237","ACTIVE","S10 / 27. Message System / Chat / Messaging","Failed sends/retries must be idempotent so the same logical message is not duplicated.","UDC-S10-CTR-026","4366"
"UDC-B4-S10-238","ACTIVE","S10 / 27. Message System / AI / Future","Typed composition/drafts should be preserved through temporary network failure, retry and refresh where technically reasonable.","UDC-S10-CTR-024","4371"
"UDC-B4-S10-239","ACTIVE","S10 / 27. Message System / Payment / Transaction","Order Card Editions, approvals, payment records, transfer events, Extension state events and other transaction evidence are not editable/deletable like ordinary chat messages.","UDC-S10-CTR-025","4376"
"UDC-B4-S10-240","ACTIVE","S10 / 27. Message System / Brand / Content","Server-authoritative ordering is required for transaction events; device clock alone cannot decide history order.","UDC-S10-CTR-025","4381"
"UDC-B4-S10-241","ACTIVE","S10 / 27. Message System / Functional / Content","Structured transaction state changes should reject stale overwrites when another device/staff member has already changed the authoritative record.","UDC-S10-CTR-025","4386"
"UDC-B4-S10-242","ACTIVE","S10 / 28. Attachments / Media / Functional / Content","Photo attachment: Choose from Shop or Choose from Device where supported by the current visual flow.","UDC-S10-CTR-032","4391"
"UDC-B4-S10-243","ACTIVE","S10 / 28. Attachments / Media / Functional / Content","Video attachment: Choose from Review & Feeds or Choose from Device.","UDC-S10-CTR-034","4396"
"UDC-B4-S10-244","ACTIVE","S10 / 28. Attachments / Media / Chat / Messaging","Voice notes are a first-class message type.","UDC-S10-CTR-033","4401"
"UDC-B4-S10-245","ACTIVE","S10 / 28. Attachments / Media / Chat / Messaging","Product/review/style context may also appear as structured context cards instead of being flattened into media.","UDC-S10-CTR-032","4406"
"UDC-B4-S10-246","ACTIVE","S10 / 28. Attachments / Media / Payment / Transaction","Payment proofs belong to secure Payment Records and are not ordinary Photos & Videos gallery items.","UDC-S10-CTR-036","4411"
"UDC-B4-S10-247","ACTIVE","S10 / 28. Attachments / Media / Security / Privacy","Custom Style uploads/measurements/private media retain their private classification.","UDC-S10-CTR-034","4416"
"UDC-B4-S10-248","ACTIVE","S10 / 28. Attachments / Media / Security / Privacy","Public approved Review & Feeds media, pre-moderation review media, private chat attachments, Custom Style uploads and payment proofs are different security classes even if stored by the same provider.","UDC-S10-CTR-034","4421"
"UDC-B4-S10-249","ACTIVE","S10 / 28. Attachments / Media / Payment / Transaction","Raw device media must not automatically become a new commercial Order Entry merely because it was uploaded. Commercial meaning requires the relevant Order/Custom Style/Extension workflow.","UDC-S10-CTR-033","4426"
"UDC-B4-S10-250","ACTIVE","S10 / 28. Attachments / Media / AI / Future","Unsupported or failed uploads show safe error states with Retry / Remove; draft text should not be unnecessarily lost.","UDC-S10-CTR-034","4431"
"UDC-B4-S10-251","ACTIVE","S10 / 28. Attachments / Media / Functional / Content","Exact file-size ceilings, format whitelist, compression/transcoding and retention are not locked in Section 10.","UDC-S10-CTR-033","4436"
"UDC-B4-S10-252","ACTIVE","S10 / 29. Voice Notes / Responsive","Mobile: press-and-hold microphone to record; swipe up to lock for hands-free recording.","UDC-S10-CTR-037","4441"
"UDC-B4-S10-253","ACTIVE","S10 / 29. Voice Notes / Chat / Messaging","Desktop: press/hold or use a desktop-appropriate Lock control rather than copying the mobile gesture literally.","UDC-S10-CTR-038","4452"
"UDC-B4-S10-254","ACTIVE","S10 / 29. Voice Notes / Chat / Messaging","Locked recording offers Delete, Pause and Send.","UDC-S10-CTR-037","4457"
"UDC-B4-S10-255","ACTIVE","S10 / 29. Voice Notes / Chat / Messaging","Paused state offers Resume plus Delete and Send.","UDC-S10-CTR-037","4462"
"UDC-B4-S10-256","ACTIVE","S10 / 29. Voice Notes / Chat / Messaging","After send, voice note appears as a playable message and composer returns to normal.","UDC-S10-CTR-039","4467"
"UDC-B4-S10-257","ACTIVE","S10 / 29. Voice Notes / Chat / Messaging","Voice notes participate in Reply/Copy where appropriate, but “Voice Notes” is not a separate three-dot history category.","UDC-S10-CTR-039","4472"
"UDC-B4-S10-258","ACTIVE","S10 / 29. Voice Notes / Accessibility","Recording/typing indicators should respect reduced-motion accessibility settings.","UDC-S10-CTR-037","4477"
"UDC-B4-S10-259","ACTIVE","S10 / 30. Context Cards / Chat / Messaging","Context cards can communicate “You’re asking about this Product”, “You’re asking about this Review”, “You’re asking about this Style/Custom request” or equivalent language.","UDC-S10-CTR-009","4482"
"UDC-B4-S10-260","ACTIVE","S10 / 30. Context Cards / Chat / Messaging","Card references the authoritative source object rather than duplicating its entire database record into chat.","UDC-S10-CTR-008","4487"
"UDC-B4-S10-261","ACTIVE","S10 / 30. Context Cards / Functional / Content","Only fields safe for the current customer are shown.","UDC-S10-CTR-008","4492"
"UDC-B4-S10-262","ACTIVE","S10 / 30. Context Cards / Functional / Content","Where appropriate, context can be removed from an unsent composition without deleting the source object.","UDC-S10-CTR-010","4497"
"UDC-B4-S10-263","ACTIVE","S10 / 30. Context Cards / Chat / Messaging","After sending, the chat retains enough historical context to understand what was discussed even if the live product/review later changes.","UDC-S10-CTR-010","4502"
"UDC-B4-S10-264","ACTIVE","S10 / 30. Context Cards / Chat / Messaging","If a source becomes unavailable, the chat shows a safe unavailable-state card rather than breaking the conversation.","UDC-S10-CTR-008","4507"
"UDC-B4-S10-265","ACTIVE","S10 / 30. Context Cards / Security / Privacy","Review context must never carry the original reviewer’s private Main Order details into another customer’s chat.","UDC-S10-CTR-009","4512"
"UDC-B4-S10-266","ACTIVE","S10 / 30. Context Cards / Data / Technical","Context attachment creation must be idempotent so repeated taps do not create duplicate cards/conversations.","UDC-S10-CTR-010","4517"
"UDC-B4-S10-267","ACTIVE","S10 / 31. Three-Dot Menu / Payment / Transaction","MENU ITEM: View Order Card; LATEST STATUS: Current/approved for Order-bearing chats. Rename Order lives inside this view, not as top-level menu action.","UDC-S10-CTR-040","4522"
"UDC-B4-S10-268","ACTIVE","S10 / 31. Three-Dot Menu / Chat / Messaging","MENU ITEM: Search This Chat; LATEST STATUS: Current.","UDC-S10-CTR-040","4527"
"UDC-B4-S10-269","ACTIVE","S10 / 31. Three-Dot Menu / Security / Privacy","MENU ITEM: Photos & Videos; LATEST STATUS: Current for ordinary sent chat media; excludes private payment-proof records.","UDC-S10-CTR-042","4532"
"UDC-B4-S10-270","ACTIVE","S10 / 31. Three-Dot Menu / Chat / Messaging","MENU ITEM: Chat History with This Couturier; LATEST STATUS: Current; lists previous separate conversations/orders handled by this Couturier.","UDC-S10-CTR-043","4537"
"UDC-B4-S10-271","ACTIVE","S10 / 31. Three-Dot Menu / Navigation","MENU ITEM: Order Timeline; LATEST STATUS: Current; read-only lifecycle activity.","UDC-S10-CTR-040","4542"
"UDC-B4-S10-272","ACTIVE","S10 / 31. Three-Dot Menu / Navigation","MENU ITEM: Notification Settings; LATEST STATUS: Current; controls presentation/preferences, not underlying transaction truth.","UDC-S10-CTR-040","4547"
"UDC-B4-S10-273","ACTIVE","S10 / 31. Three-Dot Menu / Chat / Messaging","MENU ITEM: Voice Notes; LATEST STATUS: Removed as standalone history menu item.","UDC-S10-CTR-040","4552"
"UDC-B4-S10-274","ACTIVE","S10 / 31. Three-Dot Menu / Navigation","MENU ITEM: Save Order Profile; LATEST STATUS: Rejected/removed.","UDC-S10-CTR-040","4557"
"UDC-B4-S10-275","ACTIVE","S10 / 31. Three-Dot Menu / Payment / Transaction","MENU ITEM: Rename Order; LATEST STATUS: Moved inside View Order Card.","UDC-S10-CTR-040","4562"
"UDC-B4-S10-276","ACTIVE","S10 / 31. Three-Dot Menu / Chat / Messaging","MENU ITEM: Delete Chat; LATEST STATUS: Not accepted; transaction history cannot be hard-deleted as a normal menu action.","UDC-S10-CTR-040","4567"
"UDC-B4-S10-277","ACTIVE","S10 / 32. Search / History / Archive / Chat / Messaging","Search This Chat locates content inside the current conversation and highlights/navigates results.","UDC-S10-CTR-041","4572"
"UDC-B4-S10-278","ACTIVE","S10 / 32. Search / History / Archive / Chat / Messaging","Photos & Videos provides ordinary media history for that chat.","UDC-S10-CTR-042","4577"
"UDC-B4-S10-279","ACTIVE","S10 / 32. Search / History / Archive / Chat / Messaging","Chat History with This Couturier shows previous separate conversations/orders with the same Couturier.","UDC-S10-CTR-043","4582"
"UDC-B4-S10-280","ACTIVE","S10 / 32. Search / History / Archive / Chat / Messaging","Order Timeline provides structured transaction history distinct from message search.","UDC-S10-CTR-043","4587"
"UDC-B4-S10-281","ACTIVE","S10 / 32. Search / History / Archive / Chat / Messaging","Long chat histories load incrementally; newest useful window first, older history upward/on demand.","UDC-S10-CTR-041","4592"
"UDC-B4-S10-282","ACTIVE","S10 / 32. Search / History / Archive / Chat / Messaging","Opening a chat should preserve context and avoid reloading an entire multi-year conversation every time.","UDC-S10-CTR-043","4597"
"UDC-B4-S10-283","ACTIVE","S10 / 32. Search / History / Archive / Payment / Transaction","Completed Main Order chats remain dormant/read-only history instead of being deleted.","UDC-S10-CTR-041","4602"
"UDC-B4-S10-284","ACTIVE","S10 / 32. Search / History / Archive / Chat / Messaging","No customer action may permanently erase transaction evidence simply by “deleting a chat”.","UDC-S10-CTR-041","4607"
"UDC-B4-S10-285","ACTIVE","S10 / 32. Search / History / Archive / Chat / Messaging","Exact hide/archive behaviour for purely free non-order chats is not fully locked in the source and remains an implementation/policy detail.","UDC-S10-CTR-041","4612"
"UDC-B4-S10-286","ACTIVE","S10 / 33. Notifications / Unread / Presence / Chat / Messaging","Unread state exists per conversation and may feed a global Chats badge.","UDC-S10-CTR-061","4617"
"UDC-B4-S10-287","ACTIVE","S10 / 33. Notifications / Unread / Presence / Payment / Transaction","Unread/read counters are convenience state only; message/order/payment records remain authoritative regardless of badge accuracy.","UDC-S10-CTR-061","4622"
"UDC-B4-S10-288","ACTIVE","S10 / 33. Notifications / Unread / Presence / Chat / Messaging","Reconnect should resynchronize unread state rather than creating duplicate messages/events.","UDC-S10-CTR-061","4627"
"UDC-B4-S10-289","ACTIVE","S10 / 33. Notifications / Unread / Presence / Payment / Transaction","Order edits, approvals, payment submissions/verification, transfer, Extension and completion can generate in-app events/notifications.","UDC-S10-CTR-059","4632"
"UDC-B4-S10-290","ACTIVE","S10 / 33. Notifications / Unread / Presence / Functional / Content","Notification Settings may control sound/push preferences but cannot remove the underlying authoritative in-app event.","UDC-S10-CTR-061","4637"
"UDC-B4-S10-291","ACTIVE","S10 / 33. Notifications / Unread / Presence / Payment / Transaction","Notifications are not source of truth. A missed notification cannot erase or reverse the underlying Chat/Order/Payment state.","UDC-S10-CTR-059","4642"
"UDC-B4-S10-292","ACTIVE","S10 / 33. Notifications / Unread / Presence / Payment / Transaction","Current Pin is separate from notifications. When a new Edition/Extension becomes current, the latest structured state is pinned without creating a stack of competing pins or repetitive alert noise.","UDC-S10-CTR-061","4647"
"UDC-B4-S10-293","ACTIVE","S10 / 33. Notifications / Unread / Presence / AI / Future","Email/SMS/push delivery policy belongs to the later notification system and is not fully locked here.","UDC-S10-CTR-059","4652"
"UDC-B4-S10-294","ACTIVE","S10 / 33. Notifications / Unread / Presence / Chat / Messaging","Presence may use truthful states such as Online, Away, Offline / outside support hours where implemented.","UDC-S10-CTR-059","4657"
"UDC-B4-S10-295","ACTIVE","S10 / 33. Notifications / Unread / Presence / Chat / Messaging","Presence is approximate and must not promise immediate response.","UDC-S10-CTR-060","4668"
"UDC-B4-S10-296","ACTIVE","S10 / 33. Notifications / Unread / Presence / Data / Technical","“Usually replies in minutes” should not be hard-coded unless derived from truthful operational data.","UDC-S10-CTR-059","4673"
"UDC-B4-S10-297","ACTIVE","S10 / 33. Notifications / Unread / Presence / Functional / Content","Typing indicator should be subtle and accessible.","UDC-S10-CTR-060","4678"
"UDC-B4-S10-298","ACTIVE","S10 / 34. Privacy / Security / Security / Privacy","Chat is private customer-to-business communication. No customer-to-customer messaging.","UDC-S10-CTR-064","4683"
"UDC-B4-S10-299","ACTIVE","S10 / 34. Privacy / Security / Security / Privacy","Backend authorization must verify conversation/customer/order ownership; hidden frontend buttons alone are insufficient.","UDC-S10-CTR-062","4688"
"UDC-B4-S10-300","ACTIVE","S10 / 34. Privacy / Security / Chat / Messaging","Guessing or modifying a Chat/Order URL/ID must never expose another customer’s conversation or transaction.","UDC-S10-CTR-062","4693"
"UDC-B4-S10-301","ACTIVE","S10 / 34. Privacy / Security / Security / Privacy","Review & Feeds handoff uses public-safe context only. Original reviewer’s private Main Order and account data must not follow the public review into another customer’s Chat.","UDC-S10-CTR-062","4698"
"UDC-B4-S10-302","ACTIVE","S10 / 34. Privacy / Security / Security / Privacy","Payment proofs, private Custom Style data, measurements, delivery information and internal transaction notes remain private.","UDC-S10-CTR-063","4703"
"UDC-B4-S10-303","ACTIVE","S10 / 34. Privacy / Security / Security / Privacy","Staff personal phone numbers, personal WhatsApp, personal email, home address and private social accounts are not exposed through customer chat.","UDC-S10-CTR-062","4708"
"UDC-B4-S10-304","ACTIVE","S10 / 34. Privacy / Security / Security / Privacy","Business should not request passwords, banking passwords, card/ATM PINs, OTPs or security codes in Chat.","UDC-S10-CTR-064","4713"
"UDC-B4-S10-305","ACTIVE","S10 / 34. Privacy / Security / Security / Privacy","Edited/deleted normal messages may retain authorized internal audit history; public/customer-visible state shows the edit/deletion result.","UDC-S10-CTR-064","4718"
"UDC-B4-S10-306","ACTIVE","S10 / 34. Privacy / Security / Security / Privacy","Immutable Order/Payment/audit evidence cannot be casually rewritten even by ordinary Admin users.","UDC-S10-CTR-064","4723"
"UDC-B4-S10-307","ACTIVE","S10 / 34. Privacy / Security / Security / Privacy","Exact database row-level security/auth implementation belongs to Section 16.","UDC-S10-CTR-064","4728"
"UDC-B4-S10-308","ACTIVE","S10 / 35. Required Admin/Couturier Capabilities / Chat / Messaging","Only Chat-relevant staff capability is recorded here; the broader Super Admin/Admin system belongs elsewhere.","UDC-S10-CTR-016","4733"
"UDC-B4-S10-309","ACTIVE","S10 / 35. Required Admin/Couturier Capabilities / Chat / Messaging","Receive/see assigned conversations and unread state.","UDC-S10-CTR-016","4738"
"UDC-B4-S10-310","ACTIVE","S10 / 35. Required Admin/Couturier Capabilities / Chat / Messaging","Send text/media/voice messages.","UDC-S10-CTR-016","4743"
"UDC-B4-S10-311","ACTIVE","S10 / 35. Required Admin/Couturier Capabilities / Payment / Transaction","Create/import a structured Main Order into an existing chat when authorized.","UDC-S10-CTR-016","4748"
"UDC-B4-S10-312","ACTIVE","S10 / 35. Required Admin/Couturier Capabilities / Payment / Transaction","Open and edit permitted Order Card fields under the Order rules.","UDC-S10-CTR-016","4753"
"UDC-B4-S10-313","ACTIVE","S10 / 35. Required Admin/Couturier Capabilities / Payment / Transaction","Couturier/Admin approve the current Edition.","UDC-S10-CTR-016","4758"
"UDC-B4-S10-314","ACTIVE","S10 / 35. Required Admin/Couturier Capabilities / Payment / Transaction","See Customer Final Approval and explicitly Enable Payment.","UDC-S10-CTR-016","4763"
"UDC-B4-S10-315","ACTIVE","S10 / 35. Required Admin/Couturier Capabilities / Payment / Transaction","Review/verify Payment Records under the payment rules.","UDC-S10-CTR-016","4768"
"UDC-B4-S10-316","ACTIVE","S10 / 35. Required Admin/Couturier Capabilities / Payment / Transaction","Create/propose Extension and manage accepted Extension workflow.","UDC-S10-CTR-016","4773"
"UDC-B4-S10-317","ACTIVE","S10 / 35. Required Admin/Couturier Capabilities / Payment / Transaction","Transfer/reassign Main Order to another active Couturier.","UDC-S10-CTR-018","4778"
"UDC-B4-S10-318","ACTIVE","S10 / 35. Required Admin/Couturier Capabilities / Security / Privacy","Mark Order Completed / reopen mistaken completion with audit where permitted.","UDC-S10-CTR-016","4783"
"UDC-B4-S10-319","ACTIVE","S10 / 35. Required Admin/Couturier Capabilities / Functional / Content","Enable Review after eligibility rules are satisfied.","UDC-S10-CTR-017","4788"
"UDC-B4-S10-320","ACTIVE","S10 / 35. Required Admin/Couturier Capabilities / Security / Privacy","View transaction audit/history required to support the customer accurately.","UDC-S10-CTR-016","4793"
"UDC-B4-S10-321","ACTIVE","S10 / 35. Required Admin/Couturier Capabilities / AI / Future","Admin account may have “Function as Couturier” enabled or disabled. If disabled, that Admin may manage permitted website areas but is not visible as a Couturier and does not receive Couturier work.","UDC-S10-CTR-017","4798"
"UDC-B4-S10-322","ACTIVE","S10 / 36. Desktop UX / Chat / Messaging","Full-page desktop Chat, not a floating support panel.","UDC-S10-CTR-068","4803"
"UDC-B4-S10-323","ACTIVE","S10 / 36. Desktop UX / Chat / Messaging","Wide chat workspace with a conversation list/rail where useful and a main conversation pane.","UDC-S10-CTR-068","4808"
"UDC-B4-S10-324","ACTIVE","S10 / 36. Desktop UX / Chat / Messaging","Chat header shows assigned Couturier and Order identity/context where applicable.","UDC-S10-CTR-068","4813"
"UDC-B4-S10-325","ACTIVE","S10 / 36. Desktop UX / Navigation","Couturier selector/assignment UI uses desktop popover/dropdown patterns.","UDC-S10-CTR-068","4818"
"UDC-B4-S10-326","ACTIVE","S10 / 36. Desktop UX / Navigation","Three-dot menu uses desktop popover/menu.","UDC-S10-CTR-068","4823"
"UDC-B4-S10-327","ACTIVE","S10 / 36. Desktop UX / Chat / Messaging","Search This Chat uses an in-chat search state with result navigation/highlight.","UDC-S10-CTR-069","4828"
"UDC-B4-S10-328","ACTIVE","S10 / 36. Desktop UX / Chat / Messaging","Chat History with This Couturier may use a side panel/drawer.","UDC-S10-CTR-068","4833"
"UDC-B4-S10-329","ACTIVE","S10 / 36. Desktop UX / Payment / Transaction","Order Card editing/view can use a right-side panel/modal or other desktop-appropriate workspace.","UDC-S10-CTR-068","4838"
"UDC-B4-S10-330","ACTIVE","S10 / 36. Desktop UX / Navigation","Photo/video source selection uses desktop modal/popover/file-picker patterns.","UDC-S10-CTR-068","4843"
"UDC-B4-S10-331","ACTIVE","S10 / 36. Desktop UX / Navigation","Voice-note recording uses desktop click/hold/lock controls.","UDC-S10-CTR-068","4848"
"UDC-B4-S10-332","ACTIVE","S10 / 36. Desktop UX / Chat / Messaging","Message actions use right-click or hover + menu rather than mobile long-press.","UDC-S10-CTR-069","4853"
"UDC-B4-S10-333","ACTIVE","S10 / 36. Desktop UX / Navigation","Desktop inherits the current locked global navigation shell. Any older Section 10 board-specific navigation placement is historical if it conflicts with the global shell.","UDC-S10-CTR-068","4858"
"UDC-B4-S10-334","ACTIVE","S10 / 36. Desktop UX / Navigation","Desktop must be purpose-designed, not an enlarged mobile screen.","UDC-S10-CTR-069","4863"
"UDC-B4-S10-335","ACTIVE","S10 / 37. Mobile UX / Chat / Messaging","Full-screen mobile Chat experience.","UDC-S10-CTR-069","4868"
"UDC-B4-S10-336","ACTIVE","S10 / 37. Mobile UX / AI / Future","Customer and Couturier bubbles remain visually distinct; customer uses deep wine/burgundy treatment, Couturier uses light surfaces.","UDC-S10-CTR-068","4873"
"UDC-B4-S10-337","ACTIVE","S10 / 37. Mobile UX / Payment / Transaction","Order Card / Current Pin remains accessible without consuming the entire screen.","UDC-S10-CTR-069","4884"
"UDC-B4-S10-338","ACTIVE","S10 / 37. Mobile UX / Chat / Messaging","Composer supports text, photo, video, voice and send controls; no sticker/GIF system.","UDC-S10-CTR-068","4889"
"UDC-B4-S10-339","ACTIVE","S10 / 37. Mobile UX / Chat / Messaging","Long-press exposes message actions; mobile sheets handle context/source pickers and menus.","UDC-S10-CTR-069","4894"
"UDC-B4-S10-340","ACTIVE","S10 / 37. Mobile UX / Responsive","Voice-note swipe-up-to-lock interaction is mobile-specific.","UDC-S10-CTR-069","4899"
"UDC-B4-S10-341","ACTIVE","S10 / 37. Mobile UX / Functional / Content","Red announcement/service bar shown in old references was explicitly removed.","UDC-S10-CTR-069","4904"
"UDC-B4-S10-342","ACTIVE","S10 / 37. Mobile UX / Chat / Messaging","No floating mobile Couturier launcher; Chats is already a primary bottom-navigation destination.","UDC-S10-CTR-069","4909"
"UDC-B4-S10-343","ACTIVE","S10 / 37. Mobile UX / Functional / Content","No stale secondary horizontal nav row from older mockups.","UDC-S10-CTR-069","4914"
"UDC-B4-S10-344","ACTIVE","S10 / 37. Mobile UX / Chat / Messaging","Bottom-navigation safe spacing must prevent composer/actions from being obstructed.","UDC-S10-CTR-068","4919"
"UDC-B4-S10-345","ACTIVE","S10 / 38. Navigation / Navigation","AREA: Mobile top; CURRENT RULE: Menu | Logo | Search | Custom Style | Reviews","UDC-S10-CTR-003","4924"
"UDC-B4-S10-346","ACTIVE","S10 / 38. Navigation / Chat / Messaging","AREA: Mobile bottom; CURRENT RULE: Home | Shop | Chats | My Closet","UDC-S10-CTR-003","4929"
"UDC-B4-S10-347","ACTIVE","S10 / 38. Navigation / Chat / Messaging","AREA: Active destination; CURRENT RULE: Chats","UDC-S10-CTR-003","4934"
"UDC-B4-S10-348","ACTIVE","S10 / 38. Navigation / Chat / Messaging","AREA: Floating mobile chat launcher; CURRENT RULE: Do not add; superseded/rejected.","UDC-S10-CTR-003","4939"
"UDC-B4-S10-349","ACTIVE","S10 / 38. Navigation / Navigation","AREA: Desktop; CURRENT RULE: Inherit the current locked global Section 2 navigation/shell; old Section 10 visual nav is reference-only if stale.","UDC-S10-CTR-003","4944"
"UDC-B4-S10-350","ACTIVE","S10 / 39. Accessibility / Performance / Reliability / Accessibility","Practical touch targets and click targets; important states cannot rely on color alone.","UDC-S10-CTR-071","4949"
"UDC-B4-S10-351","ACTIVE","S10 / 39. Accessibility / Performance / Reliability / Chat / Messaging","Keyboard-accessible conversation list, menus, search, composer and attachment actions on desktop.","UDC-S10-CTR-071","4954"
"UDC-B4-S10-352","ACTIVE","S10 / 39. Accessibility / Performance / Reliability / Accessibility","Visible focus states and readable contrast.","UDC-S10-CTR-071","4959"
"UDC-B4-S10-353","ACTIVE","S10 / 39. Accessibility / Performance / Reliability / Chat / Messaging","Screen-reader labels for composer, attachment controls and structured transaction actions; new incoming messages may be announced appropriately.","UDC-S10-CTR-071","4964"
"UDC-B4-S10-354","ACTIVE","S10 / 39. Accessibility / Performance / Reliability / Accessibility","Reduced-motion support for typing/recording/transition effects.","UDC-S10-CTR-071","4969"
"UDC-B4-S10-355","ACTIVE","S10 / 39. Accessibility / Performance / Reliability / Chat / Messaging","Incremental chat-history loading rather than loading the customer’s full lifetime history on every open.","UDC-S10-CTR-072","4974"
"UDC-B4-S10-356","ACTIVE","S10 / 39. Accessibility / Performance / Reliability / Security / Privacy","Lazy media/thumbnail loading so private chat remains usable on low/mid-range phones and mobile data.","UDC-S10-CTR-071","4979"
"UDC-B4-S10-357","ACTIVE","S10 / 39. Accessibility / Performance / Reliability / Chat / Messaging","Preserve scroll position. If a new message arrives while the user is reading older history, do not violently jump to the bottom; provide a new-message indicator.","UDC-S10-CTR-072","4984"
"UDC-B4-S10-358","ACTIVE","S10 / 39. Accessibility / Performance / Reliability / Chat / Messaging","Opening Chat should start at latest unread/relevant position where appropriate.","UDC-S10-CTR-072","4989"
"UDC-B4-S10-359","ACTIVE","S10 / 39. Accessibility / Performance / Reliability / Payment / Transaction","Context cards, Order Cards and system events must preserve chronological order across devices/reconnects.","UDC-S10-CTR-071","4994"
"UDC-B4-S10-360","ACTIVE","S10 / 39. Accessibility / Performance / Reliability / Functional / Content","No heavy infrastructure should be introduced solely for decorative messaging features.","UDC-S10-CTR-071","4999"
"UDC-B4-S10-361","ACTIVE","S10 / 40. Error / Recovery States / Brand / Content","CASE: Network offline / reconnect; RECOVERY RULE: Keep visible history and unsent composition where possible; show reconnecting state; retry safely.","UDC-S10-CTR-065","5004"
"UDC-B4-S10-362","ACTIVE","S10 / 40. Error / Recovery States / Chat / Messaging","CASE: Message send failed; RECOVERY RULE: Show Failed/Retry; retry same logical message idempotently.","UDC-S10-CTR-066","5009"
"UDC-B4-S10-363","ACTIVE","S10 / 40. Error / Recovery States / Chat / Messaging","CASE: Upload failed; RECOVERY RULE: Preserve draft/message; offer Retry / Remove; do not duplicate successful upload.","UDC-S10-CTR-066","5014"
"UDC-B4-S10-364","ACTIVE","S10 / 40. Error / Recovery States / Chat / Messaging","CASE: Duplicate tap; RECOVERY RULE: Create-chat, attach-context, import-order and structured actions must be idempotent.","UDC-S10-CTR-066","5019"
"UDC-B4-S10-365","ACTIVE","S10 / 40. Error / Recovery States / Payment / Transaction","CASE: Stale Order Card/Edition; RECOVERY RULE: Reject silent overwrite; refresh/show authoritative newer state before another edit/approval.","UDC-S10-CTR-067","5024"
"UDC-B4-S10-366","ACTIVE","S10 / 40. Error / Recovery States / Payment / Transaction","CASE: Stale approval/payment action; RECOVERY RULE: Action must revalidate current Edition/payment state before applying.","UDC-S10-CTR-067","5029"
"UDC-B4-S10-367","ACTIVE","S10 / 40. Error / Recovery States / Functional / Content","CASE: Session expired; RECOVERY RULE: Preserve draft where reasonable, require re-authentication, never expose another account.","UDC-S10-CTR-065","5034"
"UDC-B4-S10-368","ACTIVE","S10 / 40. Error / Recovery States / Brand / Content","CASE: Product/source removed; RECOVERY RULE: Show safe unavailable source/context state; conversation history remains.","UDC-S10-CTR-067","5039"
"UDC-B4-S10-369","ACTIVE","S10 / 40. Error / Recovery States / Security / Privacy","CASE: Review removed/private; RECOVERY RULE: Show public-safe unavailable state; do not expose moderation/private history.","UDC-S10-CTR-067","5044"
"UDC-B4-S10-370","ACTIVE","S10 / 40. Error / Recovery States / Payment / Transaction","CASE: Payment state changes while chat open; RECOVERY RULE: Refresh authoritative Payment Record/ledger state; do not rely on old UI.","UDC-S10-CTR-067","5049"
"UDC-B4-S10-371","ACTIVE","S10 / 40. Error / Recovery States / Chat / Messaging","CASE: Chat temporarily unavailable; RECOVERY RULE: Show controlled error/retry, not raw backend error.","UDC-S10-CTR-066","5054"
"UDC-B4-S10-372","VISUAL REFERENCE","S10 / 41. Visual Reference Register / Payment / Transaction","THE TRICK contains ten multi-state visual boards: five mobile and five desktop. They are coding/UX references, not business-logic authority. Written current rules override stale labels, navigation, payment wording or older Order Card behaviour.","UDC-S10-CTR-067","5059"
"UDC-B4-S10-373","VISUAL REFERENCE","S10 / 41. Visual Reference Register / Chat / Messaging","REFERENCE: Mobile Visual Reference 1 — Core Chat Navigation & Header; DEVICE: Mobile; PURPOSE: Normal chat, active Couturier selector, multiple Couturiers, three-dot menu, search, chat history.; CURRENT VALUE: Use with corrections; NOTES: Keep full-page chat and interaction patterns; apply current navigation, terminology and unified chat/order rules.","UDC-S10-CTR-069","5064"
"UDC-B4-S10-374","VISUAL REFERENCE","S10 / 41. Visual Reference Register / Payment / Transaction","REFERENCE: Mobile Visual Reference 2 — Photo & Video Attachments; DEVICE: Mobile; PURPOSE: Photo from Shop/Device; video from Review & Feeds/Device.; CURRENT VALUE: Use with corrections; NOTES: Keep source-selection patterns; payment proofs remain separate secure records; device upload does not auto-create commercial item.","UDC-S10-CTR-035","5069"
"UDC-B4-S10-375","VISUAL REFERENCE","S10 / 41. Visual Reference Register / Chat / Messaging","REFERENCE: Mobile Visual Reference 3 — Voice Note System; DEVICE: Mobile; PURPOSE: Hold to record, swipe-up lock, hands-free recording, pause/resume, delete/send, sent voice note.; CURRENT VALUE: Use; NOTES: Current interaction concept remains valid.","UDC-S10-CTR-037","5074"
"UDC-B4-S10-376","VISUAL REFERENCE","S10 / 41. Visual Reference Register / Security / Privacy","REFERENCE: Mobile Visual Reference 4 — Message Actions, Reply, Edit & Delete; DEVICE: Mobile; PURPOSE: Long-press menu, Reply, Copy, 30-minute Edit, Edited state, Delete tombstone, audit inset.; CURRENT VALUE: Use with corrections; NOTES: Apply current 30-minute delete rule and distinguish immutable transaction events.","UDC-S10-CTR-031","5079"
"UDC-B4-S10-377","VISUAL REFERENCE","S10 / 41. Visual Reference Register / Payment / Transaction","REFERENCE: Mobile Visual Reference 5 — Order Card & Order Editing; DEVICE: Mobile; PURPOSE: View Order Card, rename, add item, Shop/Device source, selection, ORDER CARD EDITED event.; CURRENT VALUE: Use with corrections; NOTES: Section 8 Order Card/Edition/approval rules override stale business logic.","UDC-S10-CTR-050","5084"
"UDC-B4-S10-378","VISUAL REFERENCE","S10 / 41. Visual Reference Register / Chat / Messaging","REFERENCE: Desktop Visual Reference 1 — Core Chat Navigation & Header; DEVICE: Desktop; PURPOSE: Wide chat pane, active Couturier selector, multiple Couturiers, three-dot menu, search, chat history.; CURRENT VALUE: Use with corrections; NOTES: Inherit current global desktop shell; apply workload/reassignment rules.","UDC-S10-CTR-069","5089"
"UDC-B4-S10-379","VISUAL REFERENCE","S10 / 41. Visual Reference Register / Security / Privacy","REFERENCE: Desktop Visual Reference 2 — Photo & Video Attachments; DEVICE: Desktop; PURPOSE: Desktop popovers/modals for Shop/Device photos and Review & Feeds/Device videos.; CURRENT VALUE: Use with corrections; NOTES: Keep desktop patterns; apply current privacy/context rules.","UDC-S10-CTR-032","5100"
"UDC-B4-S10-380","VISUAL REFERENCE","S10 / 41. Visual Reference Register / Chat / Messaging","REFERENCE: Desktop Visual Reference 3 — Voice Note System; DEVICE: Desktop; PURPOSE: Press/hold, drag/click lock, hands-free recording, pause/resume, send.; CURRENT VALUE: Use; NOTES: Current desktop voice concept remains valid.","UDC-S10-CTR-038","5105"
"UDC-B4-S10-381","VISUAL REFERENCE","S10 / 41. Visual Reference Register / Security / Privacy","REFERENCE: Desktop Visual Reference 4 — Message Actions, Reply, Edit & Delete; DEVICE: Desktop; PURPOSE: Right-click/hover menu, quoted reply, copy confirmation, edit, deleted message, audit inset.; CURRENT VALUE: Use with corrections; NOTES: Apply current 30-minute delete rule and immutable transaction-event boundary.","UDC-S10-CTR-031","5110"
"UDC-B4-S10-382","VISUAL REFERENCE","S10 / 41. Visual Reference Register / Payment / Transaction","REFERENCE: Desktop Visual Reference 5 — Order Card & Order Editing; DEVICE: Desktop; PURPOSE: Order Card workspace, rename, add item, Shop/Device choice, permanent edit event.; CURRENT VALUE: Use with corrections; NOTES: Section 8 Order Card/Edition/approval/payment architecture controls final implementation.","UDC-S10-CTR-031","5115"
"UDC-B4-S10-383","ACTIVE","S10 / 42. Cross-Section Dependencies / Navigation","DEPENDENCY: Section 1 — Brand / Design; SECTION 10 EXPECTATION: Provides current brand visual system. Section 10 should not reopen global color/type decisions.","UDC-S10-CTR-062","5120"
"UDC-B4-S10-384","ACTIVE","S10 / 42. Cross-Section Dependencies / Navigation","DEPENDENCY: Section 2 — Navigation; SECTION 10 EXPECTATION: Owns current desktop/global shell and mobile navigation; Section 10 inherits it.","UDC-S10-CTR-062","5125"
"UDC-B4-S10-385","ACTIVE","S10 / 42. Cross-Section Dependencies / Chat / Messaging","DEPENDENCY: Section 3 — Homepage; SECTION 10 EXPECTATION: Generic “ask a Couturier / need help” entry may route to free chat; specific context must follow approved handoff.","UDC-S10-CTR-062","5130"
"UDC-B4-S10-386","ACTIVE","S10 / 42. Cross-Section Dependencies / Payment / Transaction","DEPENDENCY: Section 4 — Shopping Page; SECTION 10 EXPECTATION: Supports generic guidance and product/order entry routes; actual Order action creates Main Order/chat.","UDC-S10-CTR-062","5135"
"UDC-B4-S10-387","ACTIVE","S10 / 42. Cross-Section Dependencies / Chat / Messaging","DEPENDENCY: Section 5 — Product Details; SECTION 10 EXPECTATION: Owns product selection/source snapshot and actual Order creation; Section 10 presents/hosts resulting chat interaction.","UDC-S10-CTR-062","5140"
"UDC-B4-S10-388","ACTIVE","S10 / 42. Cross-Section Dependencies / Payment / Transaction","DEPENDENCY: Section 6 — Custom Style; SECTION 10 EXPECTATION: Owns structured Custom Style submission; actual Couturier handoff creates Main Order/chat with structured context.","UDC-S10-CTR-063","5145"
"UDC-B4-S10-389","ACTIVE","S10 / 42. Cross-Section Dependencies / Payment / Transaction","DEPENDENCY: Section 7 — My Closet; SECTION 10 EXPECTATION: Orders/Payments are access/history; Editions/Payment Records deep-link to exact Chat events.","UDC-S10-CTR-063","5150"
"UDC-B4-S10-390","ACTIVE","S10 / 42. Cross-Section Dependencies / Payment / Transaction","DEPENDENCY: Section 8 — Order & Bank Transfer Flow; SECTION 10 EXPECTATION: Authoritative Main Order, Order Card, Edition, approval, payment, Amendment, Extension and completion business logic.","UDC-S10-CTR-063","5155"
"UDC-B4-S10-391","ACTIVE","S10 / 42. Cross-Section Dependencies / Security / Privacy","DEPENDENCY: Section 9 — Reviews & Feeds; SECTION 10 EXPECTATION: Owns Dicta Moment/public review rules; Section 10 receives only public-safe review context and private review-support handoffs.","UDC-S10-CTR-062","5160"
"UDC-B4-S10-392","ACTIVE","S10 / 42. Cross-Section Dependencies / Navigation","DEPENDENCY: Section 11 — Profile / Auth; SECTION 10 EXPECTATION: Owns persistent customer identity/authentication needed for conversation ownership.","UDC-S10-CTR-062","5165"
"UDC-B4-S10-393","ACTIVE","S10 / 42. Cross-Section Dependencies / Chat / Messaging","DEPENDENCY: Section 12 — Admin; SECTION 10 EXPECTATION: Owns broader staff/admin workspace; Section 10 specifies only chat-required capabilities and Function as Couturier relationship.","UDC-S10-CTR-062","5170"
"UDC-B4-S10-394","ACTIVE","S10 / 42. Cross-Section Dependencies / Chat / Messaging","DEPENDENCY: Section 13 — Product Management; SECTION 10 EXPECTATION: Owns catalogue/source-product management that context cards and Shop-origin entries reference.","UDC-S10-CTR-062","5175"
"UDC-B4-S10-395","ACTIVE","S10 / 42. Cross-Section Dependencies / Chat / Messaging","DEPENDENCY: Section 14 — Fulfilment; SECTION 10 EXPECTATION: Owns detailed production/fulfilment/delivery states that may surface in chat/timeline later.","UDC-S10-CTR-062","5180"
"UDC-B4-S10-396","ACTIVE","S10 / 42. Cross-Section Dependencies / Navigation","DEPENDENCY: Section 15 — Notifications; SECTION 10 EXPECTATION: Owns email/push/in-app delivery policy; notifications never replace authoritative records.","UDC-S10-CTR-064","5185"
"UDC-B4-S10-397","ACTIVE","S10 / 42. Cross-Section Dependencies / Security / Privacy","DEPENDENCY: Section 16 — Backend / Security; SECTION 10 EXPECTATION: Owns realtime, database, authorization, idempotency, storage, pagination, concurrency and audit implementation.","UDC-S10-CTR-062","5190"
"UDC-B4-S10-398","ACTIVE","S10 / 43. Approved / Latest Decisions / Navigation","Customer-facing identity is Dicta Couturier / Couturier; “Admin” remains internal terminology.","UDC-S10-CTR-001","5195"
"UDC-B4-S10-399","ACTIVE","S10 / 43. Approved / Latest Decisions / Chat / Messaging","One Chat system; no separate messaging engine for “general” versus “order” chats.","UDC-S10-CTR-001","5200"
"UDC-B4-S10-400","ACTIVE","S10 / 43. Approved / Latest Decisions / Chat / Messaging","Customer may freely chat without an Order; duplicate free chats are restricted under the one-reusable-thread rule.","UDC-S10-CTR-001","5205"
"UDC-B4-S10-401","ACTIVE","S10 / 43. Approved / Latest Decisions / Payment / Transaction","Explicit Product/Shop order action creates a Main Order + new chat.","UDC-S10-CTR-002","5210"
"UDC-B4-S10-402","ACTIVE","S10 / 43. Approved / Latest Decisions / Payment / Transaction","Actual Custom Style handoff creates a Main Order + chat with structured context.","UDC-S10-CTR-001","5215"
"UDC-B4-S10-403","ACTIVE","S10 / 43. Approved / Latest Decisions / Chat / Messaging","Review & Feeds can start a context-bearing chat with inactive public-safe order/style reference; Admin may activate/create current customer Order later.","UDC-S10-CTR-001","5220"
"UDC-B4-S10-404","ACTIVE","S10 / 43. Approved / Latest Decisions / Chat / Messaging","Only authorized Admin/Couturier manually imports a structured Order into an existing chat.","UDC-S10-CTR-001","5225"
"UDC-B4-S10-405","ACTIVE","S10 / 43. Approved / Latest Decisions / Payment / Transaction","One Main Order = one dedicated transaction chat; multiple entries may exist within that Main Order before payment lock.","UDC-S10-CTR-001","5230"
"UDC-B4-S10-406","ACTIVE","S10 / 43. Approved / Latest Decisions / Payment / Transaction","Unrelated new purchase = new Main Order + new chat.","UDC-S10-CTR-002","5235"
"UDC-B4-S10-407","ACTIVE","S10 / 43. Approved / Latest Decisions / Payment / Transaction","Related new payable work after payment lock = Extension in the same Main Order/chat.","UDC-S10-CTR-002","5240"
"UDC-B4-S10-408","ACTIVE","S10 / 43. Approved / Latest Decisions / Payment / Transaction","Extension From Shop keeps Shop selection in Extension mode; direct Shop order outside Extension mode creates new Main Order/chat.","UDC-S10-CTR-002","5245"
"UDC-B4-S10-409","ACTIVE","S10 / 43. Approved / Latest Decisions / Payment / Transaction","Current Section 8 Order Card architecture controls final Order Card behaviour.","UDC-S10-CTR-001","5250"
"UDC-B4-S10-410","ACTIVE","S10 / 43. Approved / Latest Decisions / Payment / Transaction","Final version term is Edition.","UDC-S10-CTR-001","5255"
"UDC-B4-S10-411","ACTIVE","S10 / 43. Approved / Latest Decisions / Brand / Content","Only one Current Pin at a time; older cards remain history.","UDC-S10-CTR-001","5260"
"UDC-B4-S10-412","ACTIVE","S10 / 43. Approved / Latest Decisions / Payment / Transaction","My Closet Orders groups by Main Order title/ID and exposes Edition history + Activity + See in Chat.","UDC-S10-CTR-002","5265"
"UDC-B4-S10-413","ACTIVE","S10 / 43. Approved / Latest Decisions / Payment / Transaction","My Closet Payments groups by Main Order, then Payment 1/2/3 history + See in Chat.","UDC-S10-CTR-002","5270"
"UDC-B4-S10-414","ACTIVE","S10 / 43. Approved / Latest Decisions / Payment / Transaction","Couturier approval → Customer Final Approval → explicit Enable Payment.","UDC-S10-CTR-001","5275"
"UDC-B4-S10-415","ACTIVE","S10 / 43. Approved / Latest Decisions / Payment / Transaction","Bank transfer only; Amount Due Now, no universal fixed 60% rule.","UDC-S10-CTR-001","5280"
"UDC-B4-S10-416","ACTIVE","S10 / 43. Approved / Latest Decisions / Payment / Transaction","Payment Records are append-only after submission.","UDC-S10-CTR-001","5285"
"UDC-B4-S10-417","ACTIVE","S10 / 43. Approved / Latest Decisions / Payment / Transaction","Payment Completed ≠ Order Completed.","UDC-S10-CTR-001","5290"
"UDC-B4-S10-418","ACTIVE","S10 / 43. Approved / Latest Decisions / Payment / Transaction","Order Completed chat becomes dormant/read-only; accepted later Extension may reactivate same chat for Extension only.","UDC-S10-CTR-001","5295"
"UDC-B4-S10-419","ACTIVE","S10 / 43. Approved / Latest Decisions / Payment / Transaction","Couturier 1/2/3 concept without specialization labels; one assigned Couturier per Main Order.","UDC-S10-CTR-001","5300"
"UDC-B4-S10-420","ACTIVE","S10 / 43. Approved / Latest Decisions / Performance","Least-loaded active Couturier can be marked Most Recommended; equal workload = no recommendation.","UDC-S10-CTR-001","5305"
"UDC-B4-S10-421","ACTIVE","S10 / 43. Approved / Latest Decisions / Chat / Messaging","Order transfer preserves same chat/order/history; previous Couturier loses write authority until proper reassignment.","UDC-S10-CTR-002","5316"
"UDC-B4-S10-422","ACTIVE","S10 / 43. Approved / Latest Decisions / Security / Privacy","Admin is one permission-driven account type; “Function as Couturier” determines customer visibility/assignment.","UDC-S10-CTR-001","5321"
"UDC-B4-S10-423","ACTIVE","S10 / 43. Approved / Latest Decisions / Chat / Messaging","Normal message actions: Reply / Copy / Edit / Delete; latest V1 edit and delete windows are 30 minutes.","UDC-S10-CTR-001","5326"
"UDC-B4-S10-424","ACTIVE","S10 / 43. Approved / Latest Decisions / Security / Privacy","Immutable transaction events are not normal editable/deletable messages.","UDC-S10-CTR-001","5331"
"UDC-B4-S10-425","ACTIVE","S10 / 43. Approved / Latest Decisions / Chat / Messaging","Photo: Shop/Device. Video: Review & Feeds/Device. Voice notes supported. No sticker/GIF system.","UDC-S10-CTR-001","5336"
"UDC-B4-S10-426","ACTIVE","S10 / 43. Approved / Latest Decisions / Payment / Transaction","Three-dot menu: View Order Card, Search This Chat, Photos & Videos, Chat History with This Couturier, Order Timeline, Notification Settings.","UDC-S10-CTR-001","5341"
"UDC-B4-S10-427","ACTIVE","S10 / 43. Approved / Latest Decisions / Chat / Messaging","Mobile top: Menu | Logo | Search | Custom Style | Reviews. Mobile bottom: Home | Shop | Chats | My Closet.","UDC-S10-CTR-001","5346"
"UDC-B4-S10-428","ACTIVE","S10 / 43. Approved / Latest Decisions / Chat / Messaging","No floating mobile chat launcher and no stale red service bar.","UDC-S10-CTR-001","5351"
"UDC-B4-S10-429","ACTIVE","S10 / 43. Approved / Latest Decisions / Functional / Content","Notifications are not source of truth; Current Pin is distinct from notification.","UDC-S10-CTR-002","5356"
"UDC-B4-S10-430","ACTIVE","S10 / 43. Approved / Latest Decisions / Security / Privacy","Public review context never leaks original customer private transaction context.","UDC-S10-CTR-001","5361"
"UDC-B4-S10-431","ACTIVE","S10 / 43. Approved / Latest Decisions / Performance","Long histories/media load incrementally; retries/duplicate taps must be idempotent.","UDC-S10-CTR-001","5366"
"UDC-B4-S10-432","SUPERSEDED / TRACEABILITY","S10 / 44. Rejected / Superseded Decisions / Chat / Messaging","OLDER / REJECTED: Customer-facing Chat with Administration / Admin; LATEST RESULT: Replaced by Couturier / Dicta Couturier.","UDC-S10-CTR-012","5371"
"UDC-B4-S10-433","SUPERSEDED / TRACEABILITY","S10 / 44. Rejected / Superseded Decisions / Navigation","OLDER / REJECTED: Stylist / Dicta Stylist; LATEST RESULT: Replaced by Couturier terminology.","UDC-S10-CTR-016","5376"
"UDC-B4-S10-434","SUPERSEDED / TRACEABILITY","S10 / 44. Rejected / Superseded Decisions / Chat / Messaging","OLDER / REJECTED: Two separate messaging systems called General Chat and Order Chat; LATEST RESULT: Superseded by unified “a chat is a chat” model.","UDC-S10-CTR-001","5381"
"UDC-B4-S10-435","SUPERSEDED / TRACEABILITY","S10 / 44. Rejected / Superseded Decisions / Chat / Messaging","OLDER / REJECTED: No chat unless an Order already exists; LATEST RESULT: Superseded; one reusable free chat is allowed.","UDC-S10-CTR-004","5386"
"UDC-B4-S10-436","SUPERSEDED / TRACEABILITY","S10 / 44. Rejected / Superseded Decisions / Payment / Transaction","OLDER / REJECTED: Every chat creation equals new Order; LATEST RESULT: Superseded; free and review-reference chats can exist without active Main Order.","UDC-S10-CTR-006","5391"
"UDC-B4-S10-437","SUPERSEDED / TRACEABILITY","S10 / 44. Rejected / Superseded Decisions / Chat / Messaging","OLDER / REJECTED: Customer manually imports Order into an existing chat; LATEST RESULT: Rejected; manual import is authorized Admin/Couturier capability.","UDC-S10-CTR-014","5396"
"UDC-B4-S10-438","SUPERSEDED / TRACEABILITY","S10 / 44. Rejected / Superseded Decisions / Security / Privacy","OLDER / REJECTED: Original reviewer’s private Main Order travels with Chat about this Review; LATEST RESULT: Rejected by privacy boundary; only public-safe inactive reference may travel.","UDC-S10-CTR-009","5401"
"UDC-B4-S10-439","SUPERSEDED / TRACEABILITY","S10 / 44. Rejected / Superseded Decisions / Payment / Transaction","OLDER / REJECTED: Payment available immediately after Couturier/Admin approval; LATEST RESULT: Superseded by Customer Final Approval + explicit Enable Payment.","UDC-S10-CTR-051","5406"
"UDC-B4-S10-440","SUPERSEDED / TRACEABILITY","S10 / 44. Rejected / Superseded Decisions / Payment / Transaction","OLDER / REJECTED: Fixed public 60% payment rule; LATEST RESULT: Superseded by Admin-set Amount Due Now.","UDC-S10-CTR-052","5411"
"UDC-B4-S10-441","SUPERSEDED / TRACEABILITY","S10 / 44. Rejected / Superseded Decisions / Payment / Transaction","OLDER / REJECTED: 100% numeric original total as only possible definition of payment completion; LATEST RESULT: Superseded by verified ledger / legitimate approved adjustment model.","UDC-S10-CTR-054","5416"
"UDC-B4-S10-442","SUPERSEDED / TRACEABILITY","S10 / 44. Rejected / Superseded Decisions / Payment / Transaction","OLDER / REJECTED: Order Card old Section 10 logic where conflicting with Section 8; LATEST RESULT: Superseded by Section 8 Order Card architecture.","UDC-S10-CTR-001","5421"
"UDC-B4-S10-443","SUPERSEDED / TRACEABILITY","S10 / 44. Rejected / Superseded Decisions / Payment / Transaction","OLDER / REJECTED: Revision terminology; LATEST RESULT: Replaced by Edition.","UDC-S10-CTR-048","5426"
"UDC-B4-S10-444","SUPERSEDED / TRACEABILITY","S10 / 44. Rejected / Superseded Decisions / Data / Technical","OLDER / REJECTED: Old default Order display name based on date/time; LATEST RESULT: Superseded by later owner direction to display custom title when set, otherwise system Order identifier/default title.","UDC-S10-CTR-048","5431"
"UDC-B4-S10-445","SUPERSEDED / TRACEABILITY","S10 / 44. Rejected / Superseded Decisions / Functional / Content","OLDER / REJECTED: Multiple competing Current Pins; LATEST RESULT: Rejected; one current pin.","UDC-S10-CTR-013","5436"
"UDC-B4-S10-446","SUPERSEDED / TRACEABILITY","S10 / 44. Rejected / Superseded Decisions / Payment / Transaction","OLDER / REJECTED: Customer freely switches assigned Couturier inside an active Main Order; LATEST RESULT: Superseded by controlled reassignment/transfer.","UDC-S10-CTR-006","5441"
"UDC-B4-S10-447","SUPERSEDED / TRACEABILITY","S10 / 44. Rejected / Superseded Decisions / Chat / Messaging","OLDER / REJECTED: Copying chat into a new transaction record during Couturier transfer; LATEST RESULT: Superseded; same chat/order is reassigned.","UDC-S10-CTR-020","5446"
"UDC-B4-S10-448","SUPERSEDED / TRACEABILITY","S10 / 44. Rejected / Superseded Decisions / Payment / Transaction","OLDER / REJECTED: Raw device image automatically becomes commercial Order item; LATEST RESULT: Rejected; requires structured Order/Custom/Extension meaning.","UDC-S10-CTR-012","5451"
"UDC-B4-S10-449","SUPERSEDED / TRACEABILITY","S10 / 44. Rejected / Superseded Decisions / Chat / Messaging","OLDER / REJECTED: My Closet Orders as live editing engine; LATEST RESULT: Rejected; access/history only.","UDC-S10-CTR-048","5456"
"UDC-B4-S10-450","SUPERSEDED / TRACEABILITY","S10 / 44. Rejected / Superseded Decisions / Payment / Transaction","OLDER / REJECTED: My Closet Payments as competing payment engine; LATEST RESULT: Rejected; ledger/history only.","UDC-S10-CTR-046","5461"
"UDC-B4-S10-451","SUPERSEDED / TRACEABILITY","S10 / 44. Rejected / Superseded Decisions / Chat / Messaging","OLDER / REJECTED: WhatsApp-first chat; LATEST RESULT: Rejected; website-native chat is primary.","UDC-S10-CTR-003","5466"
"UDC-B4-S10-452","SUPERSEDED / TRACEABILITY","S10 / 44. Rejected / Superseded Decisions / Chat / Messaging","OLDER / REJECTED: Voice Notes menu item; LATEST RESULT: Removed.","UDC-S10-CTR-039","5471"
"UDC-B4-S10-453","SUPERSEDED / TRACEABILITY","S10 / 44. Rejected / Superseded Decisions / Navigation","OLDER / REJECTED: Save Order Profile menu item; LATEST RESULT: Removed.","UDC-S10-CTR-010","5476"
"UDC-B4-S10-454","SUPERSEDED / TRACEABILITY","S10 / 44. Rejected / Superseded Decisions / Payment / Transaction","OLDER / REJECTED: Top-level Rename Order menu item; LATEST RESULT: Moved inside View Order Card.","UDC-S10-CTR-023","5481"
"UDC-B4-S10-455","SUPERSEDED / TRACEABILITY","S10 / 44. Rejected / Superseded Decisions / Chat / Messaging","OLDER / REJECTED: Delete Chat as ordinary transaction-chat action; LATEST RESULT: Not accepted; transaction evidence must remain.","UDC-S10-CTR-030","5486"
"UDC-B4-S10-456","SUPERSEDED / TRACEABILITY","S10 / 44. Rejected / Superseded Decisions / Chat / Messaging","OLDER / REJECTED: Old mobile floating chat launcher / red service bar / stale nav rows; LATEST RESULT: Superseded by current global mobile navigation.","UDC-S10-CTR-003","5491"
"UDC-B4-S10-457","CONFLICT / RESOLUTION","S10 / 45. Contradictions / Payment / Transaction","CONTRADICTION: Free chat vs “no chat without Order”; SOURCE POSITIONS: OLDER: new chat required new Order. LATER OWNER: customer must be able to freely start a chat, but cannot keep creating duplicates.; LATEST SOURCE DIRECTION: Resolved in source: free chat restored with one-reusable-thread restriction; explicit Order routes still create Main Order chats.; CONF.: HIGH","UDC-S10-CTR-006","5496"
"UDC-B4-S10-458","CONFLICT / RESOLUTION","S10 / 45. Contradictions / Chat / Messaging","CONTRADICTION: General Chat vs Order Chat as separate systems; SOURCE POSITIONS: OLDER reconciliation described two logical modes. LATER OWNER: “a chat is still a chat; only difference is order in one, no order in one.”; LATEST SOURCE DIRECTION: Resolved: one messaging system; Order attachment changes transaction context, not messaging engine.; CONF.: HIGH","UDC-S10-CTR-009","5501"
"UDC-B4-S10-459","CONFLICT / RESOLUTION","S10 / 45. Contradictions / Security / Privacy","CONTRADICTION: Review carries original Order vs privacy; SOURCE POSITIONS: OWNER described reviewed order appearing in chat. Existing privacy safeguard forbids leaking another customer’s private transaction.; LATEST SOURCE DIRECTION: Resolved by source interpretation already accepted: public-safe inactive reference/template, never original private Main Order.; CONF.: HIGH","UDC-S10-CTR-009","5506"
"UDC-B4-S10-460","CONFLICT / RESOLUTION","S10 / 45. Contradictions / Chat / Messaging","CONTRADICTION: Customer order creation vs Admin import; SOURCE POSITIONS: Customer can start Orders through Product/Custom routes; owner also said only Admin can import an Order into an existing chat.; LATEST SOURCE DIRECTION: Resolved: customer creates through approved front-end routes; manual import into an existing chat is Admin/Couturier-only.; CONF.: HIGH","UDC-S10-CTR-014","5511"
"UDC-B4-S10-461","CONFLICT / RESOLUTION","S10 / 45. Contradictions / Payment / Transaction","CONTRADICTION: Product guidance creates Order vs generic support; SOURCE POSITIONS: Product-specific actual order action creates Order chat; owner also wants support/guidance on Homepage/Shop.; LATEST SOURCE DIRECTION: Resolved: context-free guidance uses free chat; actual product order action creates Main Order/chat.; CONF.: HIGH","UDC-S10-CTR-006","5516"
"UDC-B4-S10-462","CONFLICT / RESOLUTION","S10 / 45. Contradictions / Chat / Messaging","CONTRADICTION: Custom Style support as free chat vs Order route; SOURCE POSITIONS: Earlier assistant treated Get Support as free. Owner later said chatting from Custom Style means customer wants to create an Order.; LATEST SOURCE DIRECTION: Resolved: actual Custom Style chat handoff is Order-bearing; generic sitewide help remains free chat.; CONF.: HIGH","UDC-S10-CTR-012","5521"
"UDC-B4-S10-463","CONFLICT / RESOLUTION","S10 / 45. Contradictions / Payment / Transaction","CONTRADICTION: Admin approval unlocks payment vs two-sided approval; SOURCE POSITIONS: Older Section 10 extraction: admin approves then payment. Later Section 8/current reconciliation: Couturier approval + customer final approval + Enable Payment.; LATEST SOURCE DIRECTION: Resolved: later transaction flow controls.; CONF.: HIGH","UDC-S10-CTR-012","5532"
"UDC-B4-S10-464","CONFLICT / RESOLUTION","S10 / 45. Contradictions / Payment / Transaction","CONTRADICTION: Fixed 60% vs no fixed 60%; SOURCE POSITIONS: Older visuals/business wording used fixed 60%; later transaction rules remove universal fixed percentage.; LATEST SOURCE DIRECTION: Resolved: Amount Due Now, bank transfer only.; CONF.: HIGH","UDC-S10-CTR-053","5537"
"UDC-B4-S10-465","CONFLICT / RESOLUTION","S10 / 45. Contradictions / Payment / Transaction","CONTRADICTION: Completed chat read-only vs future Extension; SOURCE POSITIONS: Completed chat was read-only. Later Extension architecture can reactivate same chat.; LATEST SOURCE DIRECTION: Resolved: completed original stays locked; chat reactivates only for accepted Extension/new authorized work in same transaction.; CONF.: HIGH","UDC-S10-CTR-057","5542"
"UDC-B4-S10-466","CONFLICT / RESOLUTION","S10 / 45. Contradictions / Data / Technical","CONTRADICTION: Default Order title date/time vs Order identifier; SOURCE POSITIONS: Older extraction used creation date/time; later owner example says custom event title, otherwise system identifier.; LATEST SOURCE DIRECTION: Resolved by later owner direction: renamed title when present; otherwise permanent/default system Order identifier/title.; CONF.: HIGH","UDC-S10-CTR-022","5547"
"UDC-B4-S10-467","CONFLICT / RESOLUTION","S10 / 45. Contradictions / Brand / Content","CONTRADICTION: Burgundy #630D0F vs #601013; SOURCE POSITIONS: Older Section 10 visual briefs used #630D0F; later global visual system in this conversation uses #601013.; LATEST SOURCE DIRECTION: Resolved by global source hierarchy: Section 10 inherits the current locked global brand system; visuals are corrected if stale.; CONF.: HIGH","UDC-S10-CTR-056","5552"
"UDC-B4-S10-468","IMPLEMENTATION GAP / LATER-SECTION","S10 / 46. Unresolved Source Items / AI / Future","No unresolved item below currently changes the core Section 10 business model. These are implementation-stage or later-section details, not evidence that Section 10 architecture is incomplete.","UDC-S10-CTR-001","5557"
"UDC-B4-S10-469","IMPLEMENTATION GAP / LATER-SECTION","S10 / 46. Unresolved Source Items / Functional / Content","Exact customer authentication/login/session UX and recovery flow (Sections 11/16 dependency).","UDC-S10-CTR-019","5562"
"UDC-B4-S10-470","IMPLEMENTATION GAP / LATER-SECTION","S10 / 46. Unresolved Source Items / Functional / Content","Exact file-format whitelist, image/video/voice size ceilings, video duration, compression/transcoding and retention limits.","UDC-S10-CTR-033","5567"
"UDC-B4-S10-471","IMPLEMENTATION GAP / LATER-SECTION","S10 / 46. Unresolved Source Items / Chat / Messaging","Exact pagination batch size, search indexing method and message-history retention implementation.","UDC-S10-CTR-041","5572"
"UDC-B4-S10-472","IMPLEMENTATION GAP / LATER-SECTION","S10 / 46. Unresolved Source Items / AI / Future","Exact push/email/SMS notification channels, templates and quiet-hour policy (Section 15).","UDC-S10-CTR-019","5577"
"UDC-B4-S10-473","IMPLEMENTATION GAP / LATER-SECTION","S10 / 46. Unresolved Source Items / AI / Future","Exact realtime transport/provider, retry/backoff constants and idempotency-key format (Section 16).","UDC-S10-CTR-041","5582"
"UDC-B4-S10-474","IMPLEMENTATION GAP / LATER-SECTION","S10 / 46. Unresolved Source Items / Chat / Messaging","Exact presence vocabulary/support-hour display and whether “last seen” is used.","UDC-S10-CTR-002","5587"
"UDC-B4-S10-475","IMPLEMENTATION GAP / LATER-SECTION","S10 / 46. Unresolved Source Items / Payment / Transaction","Exact visual treatment/title for a Review-reference chat before the reference is converted to an active Main Order.","UDC-S10-CTR-005","5592"
"UDC-B4-S10-476","IMPLEMENTATION GAP / LATER-SECTION","S10 / 46. Unresolved Source Items / Chat / Messaging","Exact reuse rule when the same customer opens Chat about several different Dicta Moments; duplicate tap on the same source must be idempotent, but cross-review consolidation is not explicitly locked.","UDC-S10-CTR-026","5597"
"UDC-B4-S10-477","IMPLEMENTATION GAP / LATER-SECTION","S10 / 46. Unresolved Source Items / Data / Technical","Exact permanent Order identifier format/prefix shown when the customer has not renamed the Order.","UDC-S10-CTR-019","5602"
"UDC-B4-S10-478","IMPLEMENTATION GAP / LATER-SECTION","S10 / 46. Unresolved Source Items / Chat / Messaging","Exact hide/archive policy for purely free non-order chats; transaction chats/history are not hard-deleted.","UDC-S10-CTR-015","5607"
"UDC-B4-S10-479","IMPLEMENTATION GAP / LATER-SECTION","S10 / 46. Unresolved Source Items / Chat / Messaging","Exact staff-side layout/dashboard for workload counts and transfers (broader Admin section), while the required Chat actions are already defined.","UDC-S10-CTR-021","5612"
"UDC-B4-S10-480","IMPLEMENTATION GAP / LATER-SECTION","S10 / 46. Unresolved Source Items / Payment / Transaction","Exact device-origin Extension form fields; it must be structured rather than treating raw media as a complete commercial item.","UDC-S10-CTR-012","5617"
"UDC-B4-S10-481","IMPLEMENTATION GAP / LATER-SECTION","S10 / 46. Unresolved Source Items / AI / Future","NOT OWNER BLOCKERS: NOT OWNER BLOCKERS; These unresolved items are deliberately deferred to Sections 11, 12, 15, 16 or implementation. No current Section 10 owner business decision is missing.: These unresolved items are deliberately deferred to Sections 11, 12, 15, 16 or implementation. No current Section 10 owner business decision is missing.","UDC-S10-CTR-001","5622"
"UDC-B4-S10-482","HISTORICAL TRACEABILITY","S10 / 47. Complete Chronology / Chat / Messaging","STAGE: EARLY; EVOLUTION: Generic full-page “Chat with Administration” support concept; product/order/custom questions could be discussed directly.","UDC-S10-CTR-068","5627"
"UDC-B4-S10-483","HISTORICAL TRACEABILITY","S10 / 47. Complete Chronology / Brand / Content","STAGE: THEN; EVOLUTION: Three Admin/Stylist identities introduced, with activation ideas and history by staff identity.","UDC-S10-CTR-012","5632"
"UDC-B4-S10-484","HISTORICAL TRACEABILITY","S10 / 47. Complete Chronology / Chat / Messaging","STAGE: THEN; EVOLUTION: My Closet / Order Profile concepts increasingly attached structured order context to chat.","UDC-S10-CTR-012","5637"
"UDC-B4-S10-485","HISTORICAL TRACEABILITY","S10 / 47. Complete Chronology / Payment / Transaction","STAGE: THEN; EVOLUTION: Order approval before payment became central; Order Card terminology replaced Order Profile/Cart wording.","UDC-S10-CTR-067","5642"
"UDC-B4-S10-486","HISTORICAL TRACEABILITY","S10 / 47. Complete Chronology / Chat / Messaging","STAGE: THEN; EVOLUTION: Major rule: one Order = one Chat; Order became primary transaction unit.","UDC-S10-CTR-009","5647"
"UDC-B4-S10-487","HISTORICAL TRACEABILITY","S10 / 47. Complete Chronology / Chat / Messaging","STAGE: THEN; EVOLUTION: Voice notes, photo/video sources, message actions, three-dot menu and desktop/mobile visual boards were defined.","UDC-S10-CTR-037","5652"
"UDC-B4-S10-488","HISTORICAL TRACEABILITY","S10 / 47. Complete Chronology / Security / Privacy","STAGE: THEN; EVOLUTION: Order Card editing evolved: old temporary edit permission model was superseded by current editable/unlocked Edition rules and permanent edit events.","UDC-S10-CTR-031","5657"
"UDC-B4-S10-489","HISTORICAL TRACEABILITY","S10 / 47. Complete Chronology / Functional / Content","STAGE: THEN; EVOLUTION: One assigned Couturier per Order; no simultaneous multi-Couturier negotiation in one Order.","UDC-S10-CTR-012","5662"
"UDC-B4-S10-490","HISTORICAL TRACEABILITY","S10 / 47. Complete Chronology / Payment / Transaction","STAGE: THEN; EVOLUTION: Payment verification, partial-payment history, completion and read-only history were developed; later Section 8 refined the final approval/payment/completion model.","UDC-S10-CTR-048","5667"
"UDC-B4-S10-491","HISTORICAL TRACEABILITY","S10 / 47. Complete Chronology / Chat / Messaging","STAGE: THEN; EVOLUTION: Global terminology changed to Couturier / Dicta Couturier, Chats, My Closet; stale Admin/Stylist/Saved Pieces navigation removed.","UDC-S10-CTR-003","5672"
"UDC-B4-S10-492","HISTORICAL TRACEABILITY","S10 / 47. Complete Chronology / Chat / Messaging","STAGE: CURRENT REFINEMENT; EVOLUTION: Owner restored free chat: a customer can speak freely without an Order, but cannot keep creating duplicate free chats.","UDC-S10-CTR-006","5677"
"UDC-B4-S10-493","HISTORICAL TRACEABILITY","S10 / 47. Complete Chronology / Payment / Transaction","STAGE: CURRENT REFINEMENT; EVOLUTION: Owner clarified: a chat is still a chat; only the presence/absence of an attached Main Order changes its transactional role.","UDC-S10-CTR-040","5682"
"UDC-B4-S10-494","HISTORICAL TRACEABILITY","S10 / 47. Complete Chronology / Payment / Transaction","STAGE: CURRENT REFINEMENT; EVOLUTION: Authorized Admin/Couturier may create/import the customer’s Main Order into an existing normal chat; customer still approves through normal Order workflow.","UDC-S10-CTR-014","5687"
"UDC-B4-S10-495","HISTORICAL TRACEABILITY","S10 / 47. Complete Chronology / Chat / Messaging","STAGE: CURRENT REFINEMENT; EVOLUTION: Review & Feeds chat carries an inactive public-safe order/style reference; Admin can activate/create the current customer Order if they decide to proceed.","UDC-S10-CTR-009","5692"
"UDC-B4-S10-496","HISTORICAL TRACEABILITY","S10 / 47. Complete Chronology / Payment / Transaction","STAGE: CURRENT REFINEMENT; EVOLUTION: Owner clarified new Main Order vs Extension routing: related post-payment work inside existing Order = Extension; direct unrelated Shop purchase = new Main Order/chat.","UDC-S10-CTR-056","5697"
"UDC-B4-S10-497","HISTORICAL TRACEABILITY","S10 / 47. Complete Chronology / Payment / Transaction","STAGE: CURRENT REFINEMENT; EVOLUTION: My Closet Orders/Payments became transparent history surfaces with Editions/Payment Records and “See in Chat” deep links.","UDC-S10-CTR-020","5702"
"UDC-B4-S10-498","HISTORICAL TRACEABILITY","S10 / 47. Complete Chronology / Brand / Content","STAGE: CURRENT REFINEMENT; EVOLUTION: Single Current Pin adopted; newest current structured state is pinned, older states remain history.","UDC-S10-CTR-030","5707"
"UDC-B4-S10-499","HISTORICAL TRACEABILITY","S10 / 47. Complete Chronology / Chat / Messaging","STAGE: CURRENT REFINEMENT; EVOLUTION: Couturier transfer/reassignment preserves same chat/history; least-loaded active Couturier may be recommended.","UDC-S10-CTR-018","5712"
"UDC-B4-S10-500","HISTORICAL TRACEABILITY","S10 / 47. Complete Chronology / Security / Privacy","STAGE: CURRENT REFINEMENT; EVOLUTION: Admin role simplified: one Admin account type with permissions; “Function as Couturier” determines customer-facing Chat participation.","UDC-S10-CTR-012","5717"
"UDC-B4-S10-501","HISTORICAL TRACEABILITY","S10 / 47. Complete Chronology / AI / Future","STAGE: PRE-FINAL LOCK; EVOLUTION: Core owner/business decisions are resolved; remaining open items are implementation/later-section details.","UDC-S10-CTR-001","5722"
"UDC-B4-S10-502","ACTIVE","S10 / 48. Final Section 10 Extraction Checklist / Chat / Messaging","REQUIRED ITEM: Free Chat; STATUS: RECOVERED ✓","UDC-S10-CTR-004","5727"
"UDC-B4-S10-503","ACTIVE","S10 / 48. Final Section 10 Extraction Checklist / Chat / Messaging","REQUIRED ITEM: Order-bearing Chat; STATUS: RECOVERED ✓","UDC-S10-CTR-004","5732"
"UDC-B4-S10-504","ACTIVE","S10 / 48. Final Section 10 Extraction Checklist / Chat / Messaging","REQUIRED ITEM: Chat creation limits; STATUS: RECOVERED ✓","UDC-S10-CTR-005","5737"
"UDC-B4-S10-505","ACTIVE","S10 / 48. Final Section 10 Extraction Checklist / AI / Future","REQUIRED ITEM: Admin-imported Order; STATUS: RECOVERED ✓","UDC-S10-CTR-051","5748"
"UDC-B4-S10-506","ACTIVE","S10 / 48. Final Section 10 Extraction Checklist / Navigation","REQUIRED ITEM: Shop route; STATUS: RECOVERED ✓","UDC-S10-CTR-003","5753"
"UDC-B4-S10-507","ACTIVE","S10 / 48. Final Section 10 Extraction Checklist / Navigation","REQUIRED ITEM: Custom Style route; STATUS: RECOVERED ✓","UDC-S10-CTR-012","5758"
"UDC-B4-S10-508","ACTIVE","S10 / 48. Final Section 10 Extraction Checklist / Navigation","REQUIRED ITEM: Review & Feeds route; STATUS: RECOVERED ✓","UDC-S10-CTR-003","5763"
"UDC-B4-S10-509","ACTIVE","S10 / 48. Final Section 10 Extraction Checklist / Payment / Transaction","REQUIRED ITEM: Main Order / Order Entry distinction; STATUS: RECOVERED ✓","UDC-S10-CTR-005","5768"
"UDC-B4-S10-510","ACTIVE","S10 / 48. Final Section 10 Extraction Checklist / Payment / Transaction","REQUIRED ITEM: Order Card; STATUS: RECOVERED ✓","UDC-S10-CTR-008","5773"
"UDC-B4-S10-511","ACTIVE","S10 / 48. Final Section 10 Extraction Checklist / Payment / Transaction","REQUIRED ITEM: Editions; STATUS: RECOVERED ✓","UDC-S10-CTR-013","5778"
"UDC-B4-S10-512","ACTIVE","S10 / 48. Final Section 10 Extraction Checklist / Functional / Content","REQUIRED ITEM: Current Pin; STATUS: RECOVERED ✓","UDC-S10-CTR-051","5783"
"UDC-B4-S10-513","ACTIVE","S10 / 48. Final Section 10 Extraction Checklist / Functional / Content","REQUIRED ITEM: Activity / Timeline; STATUS: RECOVERED ✓","UDC-S10-CTR-049","5788"
"UDC-B4-S10-514","ACTIVE","S10 / 48. Final Section 10 Extraction Checklist / Functional / Content","REQUIRED ITEM: My Closet Orders; STATUS: RECOVERED ✓","UDC-S10-CTR-002","5793"
"UDC-B4-S10-515","ACTIVE","S10 / 48. Final Section 10 Extraction Checklist / Payment / Transaction","REQUIRED ITEM: My Closet Payments; STATUS: RECOVERED ✓","UDC-S10-CTR-046","5798"
"UDC-B4-S10-516","ACTIVE","S10 / 48. Final Section 10 Extraction Checklist / Chat / Messaging","REQUIRED ITEM: See in Chat; STATUS: RECOVERED ✓","UDC-S10-CTR-051","5803"
"UDC-B4-S10-517","ACTIVE","S10 / 48. Final Section 10 Extraction Checklist / Payment / Transaction","REQUIRED ITEM: Approvals; STATUS: RECOVERED ✓","UDC-S10-CTR-051","5808"
"UDC-B4-S10-518","ACTIVE","S10 / 48. Final Section 10 Extraction Checklist / Payment / Transaction","REQUIRED ITEM: Payments; STATUS: RECOVERED ✓","UDC-S10-CTR-051","5813"
"UDC-B4-S10-519","ACTIVE","S10 / 48. Final Section 10 Extraction Checklist / Payment / Transaction","REQUIRED ITEM: Extensions; STATUS: RECOVERED ✓","UDC-S10-CTR-013","5818"
"UDC-B4-S10-520","ACTIVE","S10 / 48. Final Section 10 Extraction Checklist / Functional / Content","REQUIRED ITEM: Completion; STATUS: RECOVERED ✓","UDC-S10-CTR-051","5823"
"UDC-B4-S10-521","ACTIVE","S10 / 48. Final Section 10 Extraction Checklist / Functional / Content","REQUIRED ITEM: Couturier assignment; STATUS: RECOVERED ✓","UDC-S10-CTR-017","5828"
"UDC-B4-S10-522","ACTIVE","S10 / 48. Final Section 10 Extraction Checklist / Functional / Content","REQUIRED ITEM: Couturier transfer; STATUS: RECOVERED ✓","UDC-S10-CTR-006","5833"
"UDC-B4-S10-523","ACTIVE","S10 / 48. Final Section 10 Extraction Checklist / Performance","REQUIRED ITEM: Workload/recommendation; STATUS: RECOVERED ✓","UDC-S10-CTR-018","5838"
"UDC-B4-S10-524","ACTIVE","S10 / 48. Final Section 10 Extraction Checklist / Chat / Messaging","REQUIRED ITEM: Text messages; STATUS: RECOVERED ✓","UDC-S10-CTR-020","5843"
"UDC-B4-S10-525","ACTIVE","S10 / 48. Final Section 10 Extraction Checklist / Functional / Content","REQUIRED ITEM: Media; STATUS: RECOVERED ✓","UDC-S10-CTR-012","5848"
"UDC-B4-S10-526","ACTIVE","S10 / 48. Final Section 10 Extraction Checklist / Chat / Messaging","REQUIRED ITEM: Voice notes; STATUS: RECOVERED ✓","UDC-S10-CTR-039","5853"
"UDC-B4-S10-527","ACTIVE","S10 / 48. Final Section 10 Extraction Checklist / Chat / Messaging","REQUIRED ITEM: Message actions; STATUS: RECOVERED ✓","UDC-S10-CTR-021","5858"
"UDC-B4-S10-528","ACTIVE","S10 / 48. Final Section 10 Extraction Checklist / Chat / Messaging","REQUIRED ITEM: Unread; STATUS: RECOVERED ✓","UDC-S10-CTR-004","5863"
"UDC-B4-S10-529","ACTIVE","S10 / 48. Final Section 10 Extraction Checklist / Functional / Content","REQUIRED ITEM: Notifications; STATUS: RECOVERED ✓","UDC-S10-CTR-051","5868"
"UDC-B4-S10-530","ACTIVE","S10 / 48. Final Section 10 Extraction Checklist / Chat / Messaging","REQUIRED ITEM: Presence; STATUS: RECOVERED ✓","UDC-S10-CTR-051","5873"
"UDC-B4-S10-531","ACTIVE","S10 / 48. Final Section 10 Extraction Checklist / Functional / Content","REQUIRED ITEM: Search; STATUS: RECOVERED ✓","UDC-S10-CTR-041","5878"
"UDC-B4-S10-532","ACTIVE","S10 / 48. Final Section 10 Extraction Checklist / Brand / Content","REQUIRED ITEM: History; STATUS: RECOVERED ✓","UDC-S10-CTR-015","5883"
"UDC-B4-S10-533","ACTIVE","S10 / 48. Final Section 10 Extraction Checklist / Navigation","REQUIRED ITEM: Desktop; STATUS: RECOVERED ✓","UDC-S10-CTR-038","5888"
"UDC-B4-S10-534","ACTIVE","S10 / 48. Final Section 10 Extraction Checklist / Responsive","REQUIRED ITEM: Mobile; STATUS: RECOVERED ✓","UDC-S10-CTR-037","5893"
"UDC-B4-S10-535","ACTIVE","S10 / 48. Final Section 10 Extraction Checklist / Navigation","REQUIRED ITEM: Navigation; STATUS: RECOVERED ✓","UDC-S10-CTR-003","5898"
"UDC-B4-S10-536","ACTIVE","S10 / 48. Final Section 10 Extraction Checklist / Security / Privacy","REQUIRED ITEM: Privacy; STATUS: RECOVERED ✓","UDC-S10-CTR-016","5903"
"UDC-B4-S10-537","ACTIVE","S10 / 48. Final Section 10 Extraction Checklist / Security / Privacy","REQUIRED ITEM: Security; STATUS: RECOVERED ✓","UDC-S10-CTR-051","5908"
"UDC-B4-S10-538","ACTIVE","S10 / 48. Final Section 10 Extraction Checklist / Functional / Content","REQUIRED ITEM: Reliability; STATUS: RECOVERED ✓","UDC-S10-CTR-051","5913"
"UDC-B4-S10-539","ACTIVE","S10 / 48. Final Section 10 Extraction Checklist / Functional / Content","REQUIRED ITEM: Visual references; STATUS: RECOVERED ✓","UDC-S10-CTR-051","5918"
"UDC-B4-S10-540","ACTIVE","S10 / 48. Final Section 10 Extraction Checklist / Functional / Content","REQUIRED ITEM: Terminology; STATUS: RECOVERED ✓","UDC-S10-CTR-051","5923"
"UDC-B4-S10-541","ACTIVE","S10 / 48. Final Section 10 Extraction Checklist / Functional / Content","REQUIRED ITEM: Rejected ideas; STATUS: RECOVERED ✓","UDC-S10-CTR-051","5928"
"UDC-B4-S10-542","ACTIVE","S10 / 48. Final Section 10 Extraction Checklist / Functional / Content","REQUIRED ITEM: Unresolved items; STATUS: RECOVERED ✓","UDC-S10-CTR-051","5933"
"UDC-B4-S10-543","ACTIVE","S10 / 48. Final Section 10 Extraction Checklist / Chat / Messaging","SECTION 10 — CHAT WITH DICTA COUTURIER","UDC-S10-CTR-012","5938"
"UDC-B4-S10-544","ACTIVE","S10 / 48. Final Section 10 Extraction Checklist / Functional / Content","COMPLETE SOURCE EXTRACTION FINISHED ✅","UDC-S10-CTR-051","5943"
"UDC-B4-S10-545","ACTIVE","S10 / 48. Final Section 10 Extraction Checklist / Functional / Content","SECTION 10 DECISIONS, VISUALS, WORKFLOWS AND EDGE CASES RECOVERED ✅","UDC-S10-CTR-051","5948"
"UDC-B4-S10-546","ACTIVE","S10 / 48. Final Section 10 Extraction Checklist / Functional / Content","EXTRAS NOT DUPLICATED ✅","UDC-S10-CTR-051","5953"
"UDC-B4-S10-547","ACTIVE","S10 / 48. Final Section 10 Extraction Checklist / Functional / Content","READY FOR FINAL SECTION 10 RECONCILIATION, MASTER DOCUMENT AND LOCK 🔥","UDC-S10-CTR-037","5964"
